"CSZX","城市之星"
"GYB8388","宁海县西店晨源电器厂"
"SUJUNWUJIN","上海苏俊实业有限公司"
"CHCHXIN88","陈长兴（个体经营）"
"HZD19572010","深圳市中德听力技术有限公司"
"HBJIAWENWEN","隆鑫物流公司"
"CNC2005","陈能昌（个体经营）"
"MCWX","胡秀红"
"PUJINGCHINA","深圳市普京物流有限公司"
"CHENGYUEHDMI","东莞市成越电子有限公司"
"ZHENGSHUOIVAN","广州市越秀区施耐德电气器材贸易部"
"AMW1012","力天和激光设备有限公司"
"YUHUITONGXIN","长沙宇辉通信技术有限公司"
"SZWULIUHUOYUN","深圳市志强运输服务有限公司 "
"LONGCHENKUAIDI","东莞市龙诚货运代理有限公司"
"XTST1688","北京鑫泰顺通货运有限公司"
"JBWL999","广州市杰邦物流服务有限公司"
"XB2427","广东新邦物流有限公司狮山分公司"
"LZWULIU","北京联众物流公司"
"LONGRUTAOCORP","上海浩凯物流有限公司"
"NSYLOGISTICS","广州新世域货运代理有限公司"
"HHB55","山东青岛树脂工艺品有限公司"
"CY808","温州市嘉大皮具有限公司"
"WEARJEANS","广州华紫贸易有限公司"
"XJTC201314","叶龙"
"BESTMWDMGZ","广州市海珠区裳服廊制衣厂"
"SICHUANCHEMA","四川驹马运输有限公司"
"ZHONGYESUDI","深圳市中野大通货运代理有限公司"
"MOBEILAOSOU","常州正天物流有限公司（北京分公司）"
"XIE1ZHU","sale tp"
"LIULIN83628088","刘林（个人）"
"GUUCONG","顾大侠公司"
"H362519Q","大夏集团众达物流有限公司"
"HONGXIANGWUL","苏州呈仁物流有限公司"
"DIOR058","广州兴鑫物流有限公司"
"LIQI4029433","上海明心物流有限公司"
"HUANGLEILEI868","溧水县萍萍电子商务商行"
"SHUAISHUAI18292","董帅帅"
"LEIXIANLI1688","余姚市春江电器有限公司"
"KLDCWJH","德邦物流江苏常熟营业部"
"XIAOHAIBAOBAOZ","张春芳(个体经营)"
"JXANTAIWL","江西安泰物流有限公司"
"SENYAN1688","石狮市森研服装加工厂"
"YZMAER","扬州宏远化工新材料有限公司"
"XINDL88888","惠安县水南石雕工艺品店"
"XINDALU56","深圳市新大陆联合物流有限公司"
"CZYFXSZP","常州市云峰橡塑制品有限公司"
"MDDZ998","东莞市铭旭电子有限公司"
"GZJUNYI1688","深圳市兴安达物流有限公司"
"JBWL021","上海集帮物流有限公司"
"NANGFENG123","广州市奋发物流有限公司"
"EVGMAXIN","苏州鲁运运输有限公司"
"DJHFDC","惠昌物流（深圳）有限公司"
"JIM666","峻奇（上海）国际物流有限公司"
"JXANTAIWL01","江西安泰物流有限公司"
"RG56HZ","深圳市冉光物流有限公司"
"HUIXI56","东莞市南城汇曦货物代理服务部"
"SHJATO","上海佳速物流有限公司"
"GSWL0512","苏州国顺物流有限公司"
"GANJIANG56","上海赣江物流有限公司"
"BOJINWULIU","搏今物流有限公司"
"LIUWEIDONG88","北京市京南凯达物流有限公司"
"LIUXUAN20120308","东莞安之达货运有限公司 国内业务部"
"BJYIMENG56","北京亿盟物流有限公司"
"KANGLI168","广州晨阳国际货运代理有限公司"
"TTKDEX","海航天天快递（上海）有限公司"
"YUIOP12369","广州市远朝物流有限公司"
"YONGKUN2828","永坤电机(深圳）有限公司"
"WWW56LIPIN","北京永诚信通贸易有限公司"
"AN974","揭阳市尚之韵五金工艺制品厂"
"CORKPADS","东莞市杰凯包装材料有限公司"
"MLYKBJ","浙江省义乌市天荣贸易有限公司"
"NJFRYDQC","宁津县富睿运动器材有限公司"
"CDLFHDJX","成都联发恒达机械有限公司"
"CXSYE","慈溪市思逸尔微型喷雾器有限公司"
"JISHIYUPAOTUI","京东极时雨跑腿咨询服务有限公司"
"SHYUSHI56","上海禹石物流有限公司"
"LIANZHIFEIFEI1688","义乌市帛泰纺织有限公司"
"ZHOUJIANLONGRI","傻二哥时尚精品"
"GDYEMING","广州市白云区太和泰邦物流鲁通货运部"
"FDS1118","深圳市龙岗物流公司"
"DGJDHY","东莞市佳达物流有限公司"
"SHYONGMIN56","上海永民物流有限公司"
"PETER138139","浩通国际货运代理有限公司深圳分公司"
"YOU66279876","上海晟锋物流有限公司（总部）"
"LIJUNHU56","江西和顺物流有限公司"
"CHENHUIWL","广昌县晨晖物流有限公司"
"LIHU77924","苏州亚东国际物流有限公司国内物流部"
"YANGXIAOFANG2011","苏州市明旺货运有限公司"
"PHAIER","佛山市自在王家具有限公司 "
"SDQUFURUITE","曲阜市锐特工程机械配件有限公司"
"ZHAOHAIJUN0231985","永兴印刷"
"WOSHIMAOJI7","长沙市手工定做钻壳代理韩版饰品小额批发有限公司"
"HGSWLGS","杭州宇康物流有限公司"
"SZZHH56","苏州中汇物流有限公司"
"LIUHU19860214","武汉川渝物流发展有限公司"
"GZSQFS","广州市越秀区胜麒服饰商行"
"HEXIEHUAHUI","沭阳县和谐花卉苗木园"
"YQJF126","张功超（个体经营）"
"GZMINGYU","东莞市桥联货运有限公司"
"DENGJIAN1126","深圳市龙岗区坪地嘉鑫贷运代理服务部"
"VIP20090808","上海迈歌信息科技有限公司诚信通事业部"
"JUSTALI","上海怡游商贸有限公司"
"SOMEBODY2008","三生网媒有限公司"
"YFH19880303","深圳市原飞航物流（绍兴分）有限公司"
"HENGLITAIZUAN","东莞市横沥台钻五金模具店"
"BOBO18648","bobo18648"
"QQ810366256","东莞市捷邦物流有限公司"
"GPWL","贵平物流"
"WODEWEILAIBUSHIMENG5","山东世通承运物流配送服务有限公司"
"HEBEI88XINYUJIE","雄县鑫宇压缩毛巾厂"
"ZJHENGDE888","义乌市恒德机电贸易有限公司"
"WANGYINWU2012","诸暨市江藻永明鞋厂 销售部"
"ALI56ALI56","阿里物流"
"YINHAO5888","上海银豪物流有限公司"
"WANG1311829441","北京昊凌物流有限公司"
"JINGHANG2001","深圳市深京航物流有限公司"
"SHIXING56","上海适行物流有限公司"
"HEHAIWULIU","上海鹤海物流有限公司"
"HTWLYS","北京海涛物流有限公司"
"WEGO56","上海维京物流有限公司"
"SHANGYUN56","上海双运物流有限公司"
"SZQD56","深圳市庆达物流有限公司"
"FENGSU56COMPANY","台州市锋速物流有限公司"
"TIANHUIWULIU168","东莞市天辉物流有限公司"
"GOOBNN8","上海港邦物流有限公司"
"ZHENGJIAN1011","郑建（个体经营）"
"NTGTWL","南通港通物流有限公司"
"MC364198632","郑梦晨"
"PGB316","兴联冷藏货运代理有限公司"
"JLH8866","深圳市佳立豪塑胶材料有限公司"
"LVNL521","苏州长飞国际快递有限公司"
"QZHJGJ","海门市清正和紧固件有限公司"
"MEIPAR","佛山市南海区美派彩印厂"
"WSQLIKE","宁波天润国际物流有限公司业务一部"
"LEW1688","刘立海"
"ZHANGXIUYUN003","济南铭仕港物流有限公司储运部"
"ZHANGCHUNXIAO56","顺宏达货运公司业务部"
"LIXIANGKUNT","广州市番禺区凌金货物运输代理服务部"
"SHZJPS","上海雄坤物流有限公司"
"BJCYWYWL","北京春雨伟业物流有限公司"
"PYJIEXUN","广州市捷都货运代理有限公司"
"SHENZHENHUOYUN56","深圳市汉邦物流有限公司"
"YI00YI08","南京广源货运配载部"
"SZJIEYINGTONG","深圳市捷盈通运输有限公司"
"SHBX66278355","上海冰鑫物流有限公司"
"HONG198595","青岛万隆华宇物流有限公司"
"DSLUOWENBO8","上海大众搬家运输有限公司普陀分公司"
"NENGFEIWULIU","上海能飞物流有限公司"
"JLWL0002","健朗物流广州有限公司北区业务部"
"ALP","阿里物流"
"AAEWEB","AAE全球专递"
"GSD","共速达物流"
"DAGUANGSU","ali China networking Limited company"
"WHCHAOYUAN","芜湖市超源包装有限公司"
"YIWUZONGXINWULIU","义乌市宗信货物运输有限公司"
"HAODIAPPLIANCE","杭州好迪电器有限公司"
"SHENWAN888","青岛华九服饰有限公司"
"LGHPCB1983","李桂红(个体经营)"
"WUHPY","武汉奥凯物流服务有限公司"
"KIMI235","阿里测试公司"
"CHUNDAXIN","深圳市春达鑫光电有限公司"
"DOU859368070","桂鹏飞（个体经营）"
"BJSANJIN","付兆亮（个体经营）"
"HUANGJINWL","宁波黄金物流有限公司"
"HUALIANZHANGSIR","杭州石大路货运市场华友货运部"
"JIDAI2012","京达货运服务部"
"ZGJINCHUAN","广州金川物流有限公司"
"YIXINGYUNSHU","无锡驿兴运输有限公司"
"LIUCAN19791014","东莞厚街诚达物流公司"
"BJJIJIETONG","荆建财"
"LAIBANG88","无锡市来邦货运代理服务部"
"ZHIKUPIDAI","广州市海珠区致酷皮带店"
"GXJXWL","广西江夏物流有限责任公司"
"WXN731216","宁波大道国际货代有限公司业务部"
"BEIZHONGMEI","程希保(个体经营)"
"HONCERLOGISTICS","广西浩承物流有限公司"
"X551893821","杭州德邦货运代理有限公司临浦分公司"
"JUNDONG2012","东莞南城骏东物流服务代理部"
"NANGANGSZ","苏州南港物流有限公司"
"FZQ83853136","无锡市隆鑫运输有限公司"
"HSWL512","上海宏盛物流有限公司"
"XINYANGNONGYE","郑州市亨泽储运有限公司"
"HOUMINTAN","|莞市寮步星鑫货运代理II部"
"WXMINGJIAHUOYUN","无锡明佳货运有限公司"
"YZDNHXWN","仪征市真州镇弘途货物配载服务部"
"ICEFISH1663","厦门大田国际货运有限公司"
"LIMAOCHUN123","广州惠昌物流有限公司"
"JINFEIYAN888","广州金飞雁运输服务有限公司"
"DGTIANSHI56","东莞市南城天时货运代理部"
"BJTAIHEXING","北京太和兴工贸有限公司"
"FU20111123","付婉婉"
"WPS1688","三门峡市渑池县鼎盛矿产资源有限责任公司"
"BXDGOOD","深圳市宇速货运有限公司"
"IC988","苏州新电元半导体有限公司"
"LINXEUQING","温州信泰信息货运部"
"QQ347357307","璧山县客隆编织袋经营部"
"LXH782786274","李绪煌"
"SHZYWL","上海卓业物流有限公司"
"CHUNMEI0321","深圳市金桥环世货运代理有限公司"
"BJZXTHY","北京中兴通货物运输有限责任公司"
"GONGSUDA1212","共速达物流股份公司"
"SSHY56","盛世宏运物流公司"
"WUXIJINGDU56","无锡京都货运代理有限公司"
"HY86821275","海盐苏通物流运营部"
"JIANGZUNXIANG0","上海天地华宇物流有限公司松江分公司"
"WYY19901105","吴徐（个体经营）"
"BJHONGYUNWULIU","北京市宏运物流有限公司"
"GZHXWULIU","宏信物流广州有限公司"
"JXCJWL02","广昌创佳物流有限公司"
"SHANCHUANWULIU","无锡市山川物流有限公司"
"SHJINLAI56","上海景莱物流有限公司"
"GZJLWL480","广州市健朗物流公司业务部"
"HLCXWL","北京汉龙诚信物流有限公司（朝阳分公司）"
"JIELIGUOJI","乐清市捷利货运有限公司"
"HC5688","广州市海川运输有限公司"
"SUYUE","苏粤货运"
"HYKD","上海航宇快递服务有限公司"
"SZJARY","深圳市飞通国际货运代理公司"
"THEROCK2012","深圳市棕树物流货代有限公司"
"FFD2586961844","东莞市横沥方方达货运代理服务部"
"JINGYIWULU8","东莞市精益货运代理有限公司"
"HY443061146","江门市德邦物流有限公司新会营业部"
"WULIUFAHUO","北京顺达物流公司"
"MINGHE158","张名和"
"QIHUI688","曾寒松"
"SHXUABAOO","上海梦远物流有限公司"
"JYTTKY051082452817","无锡市佳粤天天快运有限公司"
"ZENGHAISHENG918","曾海生（个人会员）"
"TAO20083","河北省廊坊市千姿百袋"
"ZHEJIANGKX","浙江康翔汽车部件制造有限公司"
"WZGCBZJ","温州市龙湾海滨冠成标准件厂"
"ZHICHENG6688","漳州市智诚电子有限公司"
"WUIEUANGGAO","颉伟"
"MY122231865","辽宁邮政速递物流有限公司沈阳市分公司"
"YANGGUANGXINYUAN","山西阳光服装有限公司"
"CTWULIU1","深圳创通物流有限公司"
"JIM62601707","乐清市昊鑫电力科技有限公司"
"GZBM2010","苍南县龙港镇益达包装厂"
"GZWSH3618","广州市白云区同和豪斯发五金商店"
"W737221070","武进区洛阳富阁尔装饰用品厂"
"BC68686867","常州市百城货运公司"
"LONGTAIJX","宁波市北仑区龙泰精密机械有限公司"
"JUNHUANG56","苏州市峻煌运输有限公司"
"TIANXING028","温州市天行物流有限公司"
"CZBDDWL","苏州遍地达货运有限公司"
"SHJS56","上海健松物流有限公司"
"JYJYP","l刘锋银（个体经营）"
"LAOHUGONGSI","广西南宁市文彬包装有限公司"
"MINTONGDZ","东莞市敏通电子科技有限公司"
"AMINGG","王海明（个人会员）"
"A22944","晁成林(个体经营)"
"MENGJIALE","宁波市江北越发床上用品厂"
"XINMEISHOUSHI","浙江瑞安市信美首饰厂"
"FEITECC","深圳市捷美达国际货运代理业务部"
"LQH9931","龙岩润达贸易商行"
"MDLJXC","瑞安市美地利机械厂"
"JIAXUNWULIUGONGSI","马伟强（个体经营）"
"CQLM0813","东莞市石排贝森货运代理服务部"
"SHUJIE324","郑州军鑫子弹壳工艺品公司"
"ZFB248456431","宝贝服装公司"
"TANGLZM2011","林智敏（个体经营）"
"JFC5","广州市骏丰物流速递有限公司"
"CASPERSHW","远成物流空运分公司"
"HJHJ800529","王继涛"
"DGZHIQIANGMJ","东莞市大岭山志强工控电子设备厂"
"HWP8680","杭州阳帆电源有限公司"
"ZHANGXINYAND","深圳市中之海进出口有限公司"
"ROBINLIAO118","东莞市南城骏东货运代理服务部"
"MYLOVE325119","上海在凌物流有限公司"
"QYYTWL","东莞市悦通物流有限公司"
"LIANCHANGWULIU","南京联畅运输有限公司"
"PXXB2012","广州市新邦物流服务有限公司郫县分公司"
"SZCXWL168","深圳市诚信物流有限公司"
"BJXTWULIU","北京兴铁顺通物流有限公司"
"SHENCHUANWULIU","深圳市深川物流有限公司"
"HEMAYU2011","衢州市华鼎货运有限公司"
"TANGCHAO1987","重庆明才农机配送中心"
"DAJIU9","厦门大田国际货运有限公司"
"HAIBINWL","上海海彬物流有限公司"
"SXZHUORANWULIU","杭州卓然物流有限公司"
"YTO","圆通速递"
"TNT","TNT"
"UPS","UPS"
"ANJELEX","安捷快递"
"ANXINDA","安信达快递"
"EES","百福东方"
"PEWKEE","彪记快递"
"FKD","飞康达物流"
"PHOENIXEXP","凤凰快递"
"ND56","港中能达物流"
"GDEMS","广东邮政物流"
"HENGLU","恒路物流"
"CHINADRAGON","华夏龙物流"
"HTKY","汇通快运"
"JOUST","急先达"
"TMS","加运美"
"JIAYI","佳怡物流"
"LBEX","龙邦物流"
"CAE","民航快递"
"PEISI","配思货运"
"QCKD","全晨快递"
"QUANJT","全际通物流"
"ATEXPRESS","全日通快递"
"APEX","全一快递"
"SUNDAPOST","上大物流"
"MANCO","万家物流"
"EWINSHINE","万象物流"
"GZWENJIE","文捷航空速递"
"F5XM","伍圆速递"
"YFHEX","原飞航物流"
"YADEX","源安达"
"YWFEX","源伟丰快递"
"YCGWL","远成物流"
"YFEXPRESS","越丰物流"
"YTEXPRESS","运通快递"
"QINGUOFENG88","秦国峰(个体经营)"
"ZJS","宅急送"
"GYWL2011","贵州贵运物流服务部"
"HEJINBO99","广州朵绿贸易有限公司"
"GUANGDIDS","中山市古镇光的灯饰配件厂"
"LIBIMQIANG1","创意灯饰有限公司"
"FSBCJS","黎建华"
"APOSTATIZE8","马艳芝"
"SZZZ56A","深圳市中兆物流有限公司"
"CHUANGQIFUSHI2010","广州劢豹服饰有限公司"
"FORWAD2011","深圳泰嘉国际物流有限公司"
"JIMTRADE","杭州吉姆贸易有限公司"
"GLCHUAN2010","耿鲁川"
"ZHONGWANG108","献县中旺渔具厂"
"WUXINGYUAN9902","福建省华源工贸有限公司"
"HSWG2011","何伟忠（个人经营）"
"FSYMQ88","红日电器公司销售部"
"JIAJI5360","张金华"
"GUANYUNJIXIE","东莞市冠润印刷机械设备科技有限公司"
"Z8F8H8","富强有限公司"
"HONGSHUNHUOYUN","广州红顺货运有限公司"
"GONGDE1688","东莞市贡德电子有限公司"
"ZHXING2200","永隆国际"
"YCXHSYZX","鼠标销售公司"
"CKSBDX88","广州市伟达塑胶五金制品有限公司"
"CNCENGRAVER","广州巨超数控设备有限公司"
"JNWJCJC","揭东经济开发区俊能五金餐具厂"
"QIXIXK","义乌市启喜相框厂"
"XSDTC","新时代通成"
"LHEXPRESS888","厦门力航快递有限公司"
"BROTHER838","丹阳市云阳镇福田搬家部"
"HZSHUOTONG","杭州硕通运输有限公司"
"W251321992","北京京华森物流发展有限公司"
"ZHANSONGCHENG888","深圳涛洋物流有限公司"
"WXSLWL168","无锡市水蓝货运代理服务部"
"WWW1101598298","天津庆源物流有限公司"
"FUKER808","北京跃瑞国际货运代理有限公司"
"TST899","深圳市泰顺通贸易有限公司"
"WXRJWL","无锡市瑞吉物流有限公司"
"SHHONGKONG1373","上海宏空物流有限公司"
"RDWL328","赵雄"
"SHANGHAIBAXIANSZ","上海霸先快递有限公司"
"SZBSWLGS","深圳市佰斯威国际货运代理有限公司"
"YANGQI139123","无锡宏昌物流（宁波）有限公司"
"GZXIAOMA2010","江西昌顺物流有限公司代理部"
"TSATWL","唐山安泰物流有限公司"
"TJXIYANGYANGWULIU","天津喜洋洋物流有限公司"
"WFU118","上海贵祥物流有限公司."
"CRE","中铁快运"
"ZHAOYANFENG1973","赵源锋（个体经营）"
"TYGG13508807377","云南冷藏货运官渡区站"
"LENGHUISG","上海桂兴物流有限公司"
"A693348058","江西省奉新东方汽车服务有限公司1"
"XXF8023","天台县诚欣袜店"
"HUJIANJUN1979","胡建军"
"OUMANYI","胡小欢(个体经营)"
"ZHANGLI3688","张力(个体经营)"
"CSBAIFU01","长沙百福运输有限公司"
"HBWAZIJIDI","涿州市妙言服装经营部"
"SHANGQIANNENG","尚俊韬"
"MS000Z","浙江华源天昌"
"SEEJE0072010","孟建国"
"ZMM00200800","马连(个体经营）"
"PENGSHENGPING","东莞市南城圣剑货运代理服务部"
"LUOJUNYS","罗军"
"DGWL2011","上海全源物流（无锡）有限公司"
"HAOKAI021","上海浩凯物流有限公司"
"FUYAN56","上海富盐物流有限公司"
"SZXUYI56","深圳市宝安区沙井旭亿货运部"
"SHXY201011","南京翔鹰物流有限公司"
"XADWL1688","深圳市兴安达物流有限公司"
"HOAU","天地华宇"
"CHINAVDNS","台州市椒江宝猫清洗设备厂"
"ZZLQSL","漳州市芗城区丽秋塑料包装品加工场"
"SZSHH360","深圳市深鸿海电子塑胶科技有限公司"
"YUKHUS","厦门琳龙物流有限公司"
"LOGISTICS021","广州市合晟物流有限公司番禺分部"
"HUIJUAN21","钱慧娟（个体经营）"
"LEIFEIHAO","雷飞（个体经营）"
"SZHANLONG2008","深圳市汉龙物流有限公司"
"WANGCHENWULIU","广州市旺宸物流有限公司"
"ZUNLONG56","深圳市尊龙货运代理有限公司"
"CHUJIHUANG","上海褚集物流有限公司"
"JINGYI0728","东莞精益物流公司"
"QQ452868689","上海誉荣物流有限公司"
"GZAJWLYUN","广州进诚货运代理有限公司---进口部"
"MA6555016","新邦物流佛山机场营业部"
"JBWLCY1688","吉邦物流有限公司"
"FZXSP56","上海显祖物流有限公司"
"DERSOM","深圳市德森物流有限公司"
"A799440262","厦门弘远工贸"
"LEIJIFENG","雷锋"
"M287564135","江西省信广物流有限公司"
"EYB","e邮宝"
"TONGCHENGHUOYUN","上海同成货运有限公司"
"SHHANSONG888","上海高竹自动化科技有限公司"
"ABCD19850528","美丽新主张"
"XULEI2008801","义乌市日兴饰品配件厂"
"REALLY0214","国泰集团"
"YWPZWH","义乌品臻文化用品有限公司"
"DENG20110114","RG贴膜批发"
"SHUNLI66666","东莞顺欣线业有限公司(生产部)"
"SZXGS1688","深圳市鑫港穗物流有限公司"
"ZHOUQIUREN","alifot软件"
"WANANZY","深圳市万安纸业有限公司"
"WEIYUEREN1976","臻诗服饰有限公司"
"HSTONGLIDE","北京同利德物流黄石分公司"
"KMWANGJINZHONG","昆明龙腾物流有限责任公司"
"GZXT56","广州市享通物流有限公司"
"DGKDHY","东莞市凯达货运有限公司"
"BOLIANGHUOYUN","苏州柏良货运有限公司"
"YYTY5688","南通同创货运有限公司"
"ZXJIUYE","桂林壮泉酒业有限公司"
"CZHFWL","郴州市宏华物流有限公司"
"CJDZ0627","深圳市成佳电子有限公司"
"BAOZHI201104","郑耿海"
"WENDY1984","王利燕(个体经营）"
"SHIYIJIAFANG","诗意家纺有限公司"
"XMDFXHY","厦门达发兴货运代理有限公司"
"CHENQINGXIANG19795","陈庆香（个体经营）"
"WANGXU5272259","上海雪臣服装有限公司"
"SHANGHAIHONGRU","上海洪如物流有限公司"
"ZANCHEN001","上海赞宸进出口有限公司"
"HONGTAIXIN1688","朱先会"
"CHENGXINJIAZU","广州市白云区太和容发货运市场舜发货运部"
"SZZQSWL","深圳市志强顺物流有限公司"
"OUYANGTAO0811","江门市新会区会城顺高公司货运部"
"SHLGYS","上海零格货物运输有限公司"
"SJSEA","天津顺津海物流有限公司"
"JIEXINWULIU","广州市杰鑫物流有限公司"
"QUANTONG66","无锡市全通物流有限公司"
"ZHAOYINHUA2046","杰豹货运"
"WUGUOLIANG201012","广东省东莞市厚街明盛家具材料店"
"SUZHOUXINGTAI","苏州市兴泰运输有限公司"
"SHMX356","上海明心物流有限公司"
"TONGERWEI","仝二委（个人）"
"ZFBPAEYH","李峰"
"FENGYE5710","高中伟"
"YLSHOPPING","广州吉泽瑞饰品有限公司"
"HEQI201288","深圳市华诚包装材料有限公司"
"QIYANG54435711","上海旗扬物流有限公司"
"SZHTHGJX","深州市宏通化工机械配件厂"
"JUFENGWULIU2011","飓风物流有限公司莆田营业部"
"TJ58SC","洪泽县天捷电器有限公司"
"LLT116","上海新邦物流有限公司"
"TIANWEIWULIU68","广昌县天伟物流有限公司"
"SZBENTENGWULIU","苏州奔腾货运有限公司"
"GZJLWL09","广州市健朗物流有限公司"
"NJXLWL","南京兴鑫物流有限公司"
"GZJL56","广州市健朗物流有限公司"
"DGZSWL","东莞中顺物流配送有限公司"
"ZHONGXIANGWULIU","杭州中祥物流有限公司"
"GZJP56","广州佳朋物流有限公司"
"NIEMUXING","上海龙开物流有限公司"
"XAYCWL","西安远诚物流有限公司"
"CINDY677","连云港通成物流有限公司"
"GANGBI214","远成物流有限公司西藏分公司"
"KAISU56","上海凯速物流有限公司"
"WXLB56","无锡市来邦货运代理服务部"
"SHISHANGGIRL","深圳市通运九州物流有限公司"
"SPPT","中广有限公司"
"ZHANGWEILIUWU","锦州惠发物流中心"
"SHENG20100530","许明胜(个体经营)"
"AOJIFU","龚启兵(个体经营)"
"JUNLONGGUOJI","北京庆祥鹏商贸有限公司"
"DOZE92","肇庆三龙货架有限公司"
"ZGANG3313","信得利服装有限公司"
"PING23452012","广州远顺物流有限公司"
"YHS6815788","台州翱翔手工艺品厂"
"RUYI0818","深圳市顺禄达物流有限公司"
"JINGTIANQNM","景田（定南）快运有限公司广州分公司"
"QZSXTAOCI","泉州嵩兴陶瓷有限公司"
"HNWANLIZHAOMING","海宁市袁花镇万里照明电器厂"
"LHXBWL","深圳市美泰物流企业集团"
"APPLETEA20","郭婷婷个体经营"
"YIFENGWULIU0001","南丰国际物流香港专线有限公司"
"YAN9025","广州市华奥拖车报关行"
"WGJNWJ88","王君 (个体经营）"
"BJCBFS","于杰涛"
"BRIUNION","博优实业香港有限公司"
"LILI3833","湖北康龙置业发展有限公司"
"ZZM757","无锡市红瑞货运配载服务部"
"YULB2008","余莲斌（个体经营个体经营）"
"JINGUIYUAN1985","大连金旺货物运输有限公司"
"XINGSHENGZHIDAI","东莞市兴盛织带有限公司"
"JUNZAIHAPPY","上海松针航空货运代理有限公司"
"ZBCHENGPENG","淄博市淄川程鹏化工厂"
"CZHBFW","常州恒邦劳务服务有限公司"
"DFQC1688","江西省奉新东方汽车服务有限公司"
"FENG540555696","河北艺龙有限公司"
"YANGLIN567","天津奥思德金属制品有限公司"
"HUANYUDAYANG","天津市丰懿泽货运有限公司"
"WOSHIHI","biaozou"
"FELIXWU88","嘉兴宜众物流有限公司"
"ZHEFENG168","詹钻"
"CHINAWAYLOGISTICS","柯于达（个体经营）"
"NMXD8888","熊丽(个体营业)"
"YSWSBZC","苍南县宜山镇益盛无纺布制袋厂"
"WXDONGJIANGWULIU","江西省东江物流有限公司"
"M279423661","陕西华萃商贸有限公司"
"WULINZUIWU","上海大屯能源 选煤中心 选煤厂"
"XINGCHENJIANCAI","青岛星辰建材厂"
"ZONGHENGWULIU2012","盐城纵横物流有限公司"
"WANGLONG6100","山东科能太阳能科技有限公司"
"QQ3618732","广州雪馨花食品有限公司"
"YIMIO","钟善珍(个体经营)"
"JXZMXBY","强盛笔业"
"YOU12098","广东轻质陶粒制品有限公司"
"DOUYA1986515","重庆联冠物流有限责任公司"
"WAHXW2010","七星报喜童装店"
"ZZXCMLMJ","中州永佳研磨科技发展有限公司."
"ZFBCHRISTIELIU","刘波"
"BJQILUWULIU56","北京齐鲁物流有限公司"
"SHGRWL","广州广日物流有限公司上海分公司"
"MOONPHASE2012","深圳共速达物流股份有限公司-市场部"
"CXWL1688","深圳市诚信物流有限公司"
"WENCHANGYS","汕头市千惠货运代理有限公司"
"SENWANGJIAJU","徐州名典家具有限公司"
"WXSSJLL","无锡市世纪银驰货运配载部"
"LIANG3568","广州城市之星物流有限公司（营销部）"
"YXSFYS","宜兴世方运输有限公司"
"GUANHONGYINSHUA","东莞市厚街冠宏印刷器材店"
"ZZXFLWL0","郑州市管城区鑫龙货运信息部"
"JCYS01","嘉兴市景程运输有限公司"
"SHBOYANG","上海博阳物流有限公司"
"KYWL18861253300","科银物流(常州)有限公司 业务部"
"LEYIJIA168","曾庆杰"
"XIAO0823MEI","郑州生活家批发中心"
"ZHENBANGJIXIE2011","山东省烟台市振邦木工机械厂"
"YYZGJQ","咸丰县时尚女人服装店"
"ZHAOSHENGQIANG868","徐州华联玻璃制品有限公司"
"WEILING20120206","品嘉实业投资有限公司"
"SZGONGSI666","深圳市飙驰信通货运代理有限公司"
"ZHAOZHIDONG8","义乌小商品小东批发梦娜丝袜批发浪莎商行"
"CHUNMIANWAZI","丹鼎国际袜子机构"
"AGANA429","中国人寿保险股份有限公司策划部"
"WUXIYUNSHU2012","无锡远程货运公司"
"DDHK2007","诚信通新签5区"
"LJT1994","殷敬娇（个体经营）"
"HOORAYF","上海宏谊国际货运代理有限公司南京分公司"
"JINXING0704","深圳市旺顺达物流有限公司"
"AQQW586","深圳市明亮物流有限公司"
"LSP1683","林森朋"
"XIANGAIGEFUSHI","苏州香爱阁服饰有限公司"
"ITUCRAZYSHOP","杭州市旺铺装修有限公司"
"YICHAO2011","温州经济技术开发区超胜紧固件经营部"
"LXY80893","新颖软陶（个体经营）"
"SZXYDPY","深圳市星曜达电子科技有限公司"
"XINGXING1588","狮岭新星皮具有限公司"
"VALLEYSKY2012","上海谷天物流发展有限公司"
"SHKCARGO","康捷远桥国际物流（上海）有限公司"
"SHRUICAI","上海瑞彩化妆品有限公司"
"DGHEXIN88","东莞市河鑫运输有限公司"
"SZMIX2010","上海轩一物流有限公司无锡分公司"
"SHZDFZS","上海嘉定正达分子筛有限公司"
"ZHUFAN88","东莞市欧邦货运代理有限公司（市场部经理）"
"DEPPON056996","德邦物流石狮濠江路营业部"
"HANQI8888","北京京铁顺通物流有限公司"
"YZH8150326","上海辉霞物流有限公司"
"HHMAC","浙江省邮政速递物流有限公司宁波市分公司"
"LIUJIANHUA64","江西信广物流有限公司"
"WXFYYS822","无锡峰业运输有限公司"
"CZJXJD","常州美德自动化系统有限公司-销售部"
"LEEDOTJIANBIN","北京千舟物流服务有限公司"
"XZSJJC1","睢宁县睢城镇香樟树家具厂"
"CHAOGANG02","广州市健朗物流有限公司"
"CHWLXM","厦门宸辉物流有限公司"
"LCCCO001","深圳市路畅国际货运代理有限公司"
"XGD56DW","东莞市东坑兴广达货运代理服务部"
"SPELINA","上海通尔物流有限公司(业务部）"
"QXWL051266060995","苏州全鑫物流有限公司"
"ZHOUJILIN110","周继林"
"WEIYIHUI521","东莞市万利货运服务有限公司"
"MISSTB","台湾上大邮通国际物流有限公司（深圳上大）"
"YU540222029","汕头市德邦物流有限公司潮阳和平中寨分公司"
"TLSERVER2001","东莞宅急送快运有限公司寮步营业所"
"HYDELA","韩伟"
"YANYU568","广州市天河区沙东丽鑫尚服饰店"
"HZFZ311311","临安於潜后渚围巾厂"
"BARGBGU06212010","陈邱平"
"WHSXADWL","武汉顺祥安达物流有限公司"
"ANNA683","华发物流有限公司"
"SZL04111","东莞市凤岗镇神州龙物流有限公司"
"SXJNMY","山西晋农贸易有限公司"
"SHHONGHUI2011","上海虹会金属材料有限公司"
"XBWLYJJSL","广东新邦物流有限公司 阳江分公司"
"GZJJ20101688","广昌县惠昌物流有限公司"
"ZB15462","阿里巴巴公司"
"ZUS100_DU_CORP","义乌市派纳贸易有限公司"
"HLWJSPPJ668","东莞市长安华林五金饰品配件经营部"
"BINGXINWULIU","上海冰鑫物流有限公司"
"DTW","大田陆运"
"ZHANG2580649","张坚池"
"SANTIANWULIU","三天贸易有限公司"
"JASMINE52P","深圳市海光国际物流有限公司（总公司）"
"NANHUIWULIUNJ","扬州市南惠物流有限公司"
"CHENZHONGSHU1985","杭州卡佛丹宁有线公司"
"ANZEYJH","新河县安泽镜盒厂"
"HONGAOGUOJI","北京弘傲国际货运代理有限公司"
"SHQYWLGS","上海全源物流有限公司"
"QICHI27","新邦物流有限公司中山小榄营业部"
"SHXY56","上海先源物流有限公司"
"DEXTER56","广州海川物流搬家有限公司"
"ZHC321TAURUS","上海鼎辰物流有限公司"
"SHUNJING2000","深圳顺景货运代理有限公司"
"ZOEY136349594","三宁化工股份有限公司"
"DONGCHEN0903","精品服装专卖"
"COZEBUDDY2010","陈朋"
"SHANGUYIN1","山东佳怡物流有限公司南京岔路口店"
"WXHXWL8","上海汇星物流有限公司"
"FEIYUE51","林国和(个体经营)"
"GZOULAIYA","梁启锋(个体经营)"
"SHYJDZKJ8","上海亚津电子科技有限公司"
"YFTOP168","北京圆方志诚科技有限公司"
"AHFYCB1983","安徽阜阳洲联机械制造有限公司"
"VIKDA","深圳市维可达精密科技有限公司"
"QIANZISE8","武汉纳裕模具有限公司"
"MENTALITY88","中山非凡牛仔服饰公司"
"WZTMONICA","佛山瀚柏进出口有限公司"
"WEIQIXIONG1571","天地华宇物流有限公司深圳宝安分公司"
"SZZSWSP","苏州致胜货运有限公司"
"FENGSAWO","新邦物流东莞凤岗雁田营业部"
"QUNXINGMING","武汉市群星明贸易有限公司"
"QINYUAN56","广州市勤远物流有限公司"
"HLXBSC","深圳市万运国际物流公司"
"HAI0308","上海海博物流有限公司"
"AYIYITONG","庆阳帮帮香包刺绣工艺品公司"
"WSQJHM","王尚乾（个体经营）"
"SHENGXING33489","东莞市长安来盛皮带扣经营部"
"A153676062","无锡宏昌昌物流有限公司"
"SZPJLZ","深圳鹏基物流货运有限公司"
"XAJCWL","西安嘉诚物流有限公司"
"NJYQHY","南京百路通物流有限公司"
"SZSA56","深圳市金鹏圣安物流有限公司"
"MCF666","马车夫(北京)物流有限公司"
"XBWL","新邦物流"
"DEPPON","德邦物流"
"TRJXJ","茂名天然洁橡胶制品有限公司"
"JSJBZ168","江都市德利粉末冶金厂"
"LY1262","睢宁县高作镇瑗嘉家具门市"
"YANYAN1157","顺达劳保制品厂"
"AYSAN2011","深圳市动力时尚科技有限公司"
"ZHOUSHIWEI20110309","海城市岔沟镇金秋肥料土壤配肥中心"
"CHEMVIN","冲港物流(香港)有限公司"
"BOHAIJIE1987","日月明货运公司"
"WANG3691446","上海百生物流有限公司"
"JOYGROW","东莞集光金属制品有限公司"
"WYD56","苏州维易达运输有限公司"
"NEWSPEED520","长沙新时速货物运输服务有限公司"
"JDSHENG2010","余姚市东升物流有限公司"
"B2CARRY","广州明智国际货运代理有限公司"
"SHIQINGKANG118","国康鞋业有限公司"
"RAE888","上海瑞安货物运输有限公司"
"XIANGSHIJIANG","深圳德森物流有限公司"
"CZKJYS","常州市坤杰运输服务部"
"LP20054194","鹏达商贸有限公司"
"TYB87","广州市福地物流有限公司"
"XUKAIKAI2010","南昌市永安厨具燃气设备有限公司"
"LHH9885","临湘市忠信商贸中心"
"HONGJIAN201203","东莞泓键物流有限公司"
"QIANYONG0122","花海木屋工艺礼品商行"
"HNQDW","广州市全都旺食品有限公司"
"LIBAO110","李永雷"
"JUNHAO56","上海君好物流有限公司"
"ANTAIGUANGZHOU","江西安泰物流有限公司"
"TJLANXINYI01","天津市河北区蓝新易货运代理服务中心"
"DACHENGWULIU2011","中山捷诚物流有限公司"
"KAISU007","辽源市双成物资有限公司"
"QQ903689640","越发竹笪编织厂"
"XDLFZ88","苏州喜登鸟服饰有限公司"
"A258041223","潍坊市物流有限公司"
"SAN15152006313","李方方"
"DEJINWL","上海德锦物流有限公司"
"G19860720","阿里中国有限公司"
"QDZIYUE","青岛孜悦服装有限公司"
"WANGSHANYONGHARD","武汉晨华物流服务有限公司"
"X316632847","文文童鞋有限公司"
"HIGOGOY","宫杰超"
"ZQY2006AL","河北亿佳家居布艺有限公司"
"MINILUNDUN","黄然"
"AMETHYSTOM","武汉佳运通物流有限公司"
"KEXINWULIUFUWU","科信物流公司"
"WHHYXF168","武汉宏远鑫发运贸有限公司"
"MESSI2014","常熟德邦物流有限公司 "
"SHBANGDE88","上海邦德物流有限公司"
"SHENSHUNFENG123","深圳广丰顺丰货运公司"
"LINCHUAN56","上海临川物流有限公司"
"TAIZHOU56KUAIXUN","台州市锋速物流有限公司（业务部）"
"LIUMIN668","深圳市盟邦货物运输代理有限公司"
"WANGYONGHAIWANGJ","宁波东钱湖旅游度假区汇海物流有限公司"
"MINGXUAN56","深圳市明轩物流有限公司"
"BOHENG56","上海博恒物流有限公司"
"JINGTAIHY","袁继荣"
"NORMACAI","广州顺宇物流有限公司"
"SHLVYUN","上海颂瀚货运代理有限公司"
"WXZWP88","无锡市豪迈货运代理服务部"
"BJJSGWLGS","北京及时港物流有限公司"
"LUTAIWULIU","北京鲁泰物流有限公司"
"BJXIANGTONG56","北京百川货物运输有限公司"
"JNHFTD","济南汇丰通达货运有限公司"
"JINXIUBUHANG","广州市海珠区新窖锦绣布行"
"RUNYANG508","深圳市正皇庄中药饮片有限公司（一德集团）"
"JWANGCY","景德镇市景旺陶瓷有限公司"
"MAPLEQLD","秦翔宇"
"JMFAST56","广州市快时递快递有限公司江门分公司"
"YANGHAIXIAN2011","杨海贤"
"SZXINGGUANGHY","深圳市龙岗区星光货运代理服务部"
"SZQDHDHY","深圳市庆达物流有限公司"
"JIEYINWULIU","上海捷鹰货运代理有限公司"
"WXLXWL","无锡市龙翔物流有限公司"
"LONY588","李文亮 （个体经营）"
"ZZYSD","漳州市龙文区艺轩工艺品行"
"DENGBEN002","广州君品誉家具制造有限公司"
"DGBCMC","东莞市长安北辰模具钢材经营部"
"PENGJICHANG5858","上海慧佳货物运输代理有限公司"
"SHXH56","上海信辉货运代理有限公司"
"LINAN608","东莞市林安货运代理有限公司"
"NCQCYSGS","苏州安平运输有限公司无锡分公司"
"WWKGYJ","珠海公交信禾物流有限公司"
"FUXING2030999","连云港人人搬家有限公司"
"SIDI18208180803","武侯区欣心服饰店"
"HRDHYDL","深圳市鸿润达国际货运代理有限公司"
"AZHANGLILY313","深圳纤丽儿时尚服饰有限公司"
"PORTIASH","深圳波茜雅工艺品有限公司"
"LIUJUN20101016","上海宇晨袜业"
"LQXUEYA","龙泉市雪芽茶叶有限责任公司"
"FSDIJIANG","佛山市顺德区龙江镇帝匠家具厂"
"DILAOHU2010","苏州市沧浪区康成劳保用品经营部"
"ZGSLHG2011","自贡市神龙化工厂"
"HTOEX","东莞市航安快运公司"
"LIANG19881001AA","广州市进誉物流有限公司"
"TBYADANG35741444","赖祥生"
"ZHANGBO198525","张波"
"XBWLHZZK","惠州市全际通货运代理有限公司"
"CH748888","武汉市江岸区细萍副食店"
"A11724191","销售处1"
"JNSENLU","济南市天桥区永峰童装商行"
"SHENGYUANBANGDA","天津市东丽区盛源邦达配货站"
"SUZHOUYRD_DU_CORP","苏州友仁达磨料磨具有限公司"
"SUZHOUYRD","苏州友仁达磨料磨具有限公司"
"YUZHUO56","深圳市昱卓物流有限公司"
"ZHIJUNY","北京环亚运商物流有限公司大鲁店分公司"
"TOPYST","百惠物流有限公司"
"XJDLQ2010","李占伟"
"ANJINSHUN56AJS","天津安津顺货运公司"
"YOUA1806","马碧乐"
"DONGFENGDIANZI","常州市东峰电子配件厂(普通合伙)"
"YONGGUANWULIU","上海勇冠物流有限公司"
"LOGHUANGDAO","佛山新邦物流有限公司南海长虹岭分公司"
"WFTONGTU","潍坊通途物流有限公司"
"HFTJ56","合肥同洲（原同济物流）运输有限公司"
"JJXXKK","温州市瓯海物流信息中心-货运配载部"
"WXYUYA","无锡雨亚运输有限公司"
"JF5688801","厦门飓风货运代理有限公司"
"WWW888COM","上海浩凯物流有限公司"
"KRISS1246","上海郁邦货物运输代理有限公司"
"ANTAI1988","广州市新鑫物流有限公司"
"SZSDHY","苏州胜德货运有限公司"
"GHHY168","东莞市高辉货运服务有限公司"
"WENZHOUWL565656","伍思文"
"HONGXINWULIUY","宏鑫物流有限公司"
"TANGMEIYIN87","长沙佳和物流有限公司"
"SHUANGHUI19791023","上海双惠橡塑制品厂"
"WHQLMHY","武汉市洪山区千里马货运部"
"CAENNG","民航快递有限责任公司南宁分公司"
"CHENWEIROUBAO","陈伟(个体经营)"
"WLWLCOMPANY","安徽皖联物流有限公司"
"HNQJXJZP","海宁市钱浪橡胶制品厂"
"GDKAIHONG","广州凯鸿塑料制品有限公司"
"FUAN6","瑞安市富安不锈钢水塔厂"
"BANGTE888","杨建国(个体经营)"
"MLGGFS","东莞市虎门魅力果果服饰店"
"TAOBYLK","张扬"
"JASONQW","刘佑灵（个体经营）"
"YPP0769","东莞市雅平塑料制品有限公司"
"RUI2YOU","上海浩凯物流有限公司"
"XFCLPJ","无锡市锡山区安镇镇查桥新峰车辆配件厂"
"QYHUIXIN","清原满族自治县汇鑫食品有限公司"
"JINQIAOXC","深圳市金桥环世货运代理有限公司"
"QUANTWL","浙江全通物流有限公司"
"SOLONFENG","力帆运输"
"CDANHENG","成都安恒货运有限公司"
"CHENXINYA19891204","谢青永（个体经营）"
"RABHOPS2552","深圳市方利货运代理有限公司"
"GANHUIWULIU","无锡赣徽物流公司"
"LIULIANYONGYUAN","深圳市鑫捷诚物流有限公司客户经理刘生"
"MAFELLEE","忠实通中港专线物流有限公司"
"JNLUYUWULIU","济南鲁豫物流有限公司"
"CDBMZSNX","武侯区卓越服饰经营部"
"A13470","明亮贸易有限公司"
"QIOUPING123","邱礼苹(个体经营)"
"CHENWANQI138","陈婉齐（个体经营）"
"YUNTAIKUAIDI","上海运泰快递服务有限公司"
"A890105","广东外运国际货代有限公司东莞分公司"
"QQ714108838","深圳市驰鹏物流有限公司"
"SHIYIHAN778","深圳公明田寮分公司"
"SZXGS168","深圳市鑫港穗物流有限公司"
"SYHUALUO","沭阳县花络港湾园艺场"
"VIVIAN8429","秦雯"
"SHTFLY000","广州万隆华江物流有限公司深圳塘下分公司"
"JIANLAOTOU","平阳县健老头皮件有限公司"
"BAGS20120207","广州市伟达塑胶五金制品有限公司"
"SBIQJE1688","北京市光辉光宇运输有限公司"
"WINGFINE","深圳市兴龙昌科技有限公司"
"LIWEIWEN78","深圳市康柏国际货运代理有限公司进口部"
"SHAGJCTY88","上海安吉轿车托运有限公司"
"NIEWEI1229","上海龙开物流有限公司闵行分公司"
"XUANQING168","上海市轩庆物流有限公司"
"SHQINGQUN","上海清群物流有限公司"
"SAWL2","宁波三安物流有限公司"
"XUGENXIN520","徐根新（个体经营）"
"MSSHENTONG","眉山市神通运输有限公司"
"ZJWINKING","楼旭强"
"A278276478","余丹"
"QINGQUN6868","上海清群物流有限公司"
"JINGHANG2000","深圳市深京航物流有限公司"
"JINGHANG2002","深圳市深京航物流有限公司"
"MMING1986","福建华丰运输有限公司"
"BESTQJT","百世全际通"
"BJJIAYU168","北京佳宇天地物流有限公司"
"HUANGYALI95","天地人贸易有限责任公司"
"ZUS100","义乌市派纳贸易有限公司"
"QIANYESHISHANG","张清平"
"WINDOWSHUANG","黄炯"
"JINXIYUANJF","南通舒特佳纺织品有限公司"
"MEIDAZHIYE","保定市北市区美达纸制品销售部"
"CAWENJUN","东莞市长安雯俊五金制品厂"
"TONYGLACIER","东海水晶上海公司"
"LTXBFHZ","乐亭县八方货栈"
"QJZXDSHB","广州市博朗货物运输代理有限公司"
"JXTSLYD","嘉兴市秀洲区高照街道海峡食品店"
"WXSFWULIU","无锡顺发物流有限公司业务部"
"SZHW66","深圳市恒威物流货运有限公司"
"SDZHAOXIANGWEI","青岛网商天下信息技术有限公司（办公室）"
"HANSHEN863","安徽鑫奇特金属制品总厂"
"JIANGUO11085","阿里软件有限公司"
"BUSINESSOUR","刘波（个体经营）"
"SZBEIDOUSTAR","深圳市北斗星进出口有限公司"
"YST2012","杨士腾"
"NMGBT9188","内蒙古聚源煤炭运销有限公司"
"YWZTXWJ","雷恒春"
"ZHONGYUHUOYUN","上海宁宇物流有限公司"
"NANA190102","南通市峰业运输有限公司"
"FJQ8282","方建秋（个体经营）"
"KEVINW2012","武玉波"
"SZBENTENGHUOYUN","苏州奔腾货运有限公司"
"GOODLUCKTOXXQ","潮州市群发货运部"
"WENZHAOWULIU2012","广州物流公司"
"JLHB2009","杭州吉龙物流有限公司"
"GUOXINGJ","上海罗新国际货物运输代理有限公司"
"LEIJINGFENG","童之林物流有限公司"
"NET0DAY","苏州汇晶电火花设备有限公司"
"PSX123","吉纯水暖私营公司"
"LY12580","深圳市蓝洋国际货运有限公司（业务部）"
"JUCHAOLI","李巨超(个人)"
"XINGKONG1688","义乌市笨龙电子商务商行"
"XKNSGFJ","进口产品特惠屋"
"ZQH666666","张清华"
"KELIN1339476382","青岛鼎基国际物流"
"BJWANGYONGSONG","汪永松(个体经营)"
"ZONGBING84","上海总滨货物运输代理有限公司"
"DYH87250365","广州市东沿海阀门水暖器材有限公司"
"CHENHUI631","北京日韩服装服饰有限公司"
"TMALL888","张婷（个体经营）"
"HAXYZY2011","海安馨雅纸业有限公司"
"WXXLW56","苏州安平运输有限公司无锡分公司"
"XIADONG20101001","上海市雄瑞物流有限公司"
"JIANGFENGNIVIP","江凤妮"
"HUANGHESHUICAO","中国民生银行信用卡中心"
"JINGXING20110525","宁波东钱湖旅游度假区君浩塑料制品厂"
"LEIXIANLI1688_DU_CORP","余姚市春江电器有限公司"
"SGDJ168","韶关市韶工刀具有限公司"
"AOYUE666","上海奥悦电子有限公司"
"FZTTTG","福州市鼓楼区北伟贸易有限公司"
"GZSDEVA","广州市荔湾区盛大塑料制品厂"
"SHUANGXISHENWU","快乐学吧国际教育科技（北京）有限公司松桃店"
"Q854296830","沈新娣【个人会员】"
"JHX56","深圳市佳豪鑫货运代理部"
"AIYING902","昆山市佳丰货运有限公司（业务部）"
"LRJ2869","黄大爱"
"FENGHUAYAGEQIDONG","奉化市雅各气动成套有限公司"
"SHENBAIWAN511","北部新区百万货运服务部"
"WYMINGHAO","明浩皮革有限公司"
"PX20080808","东莞市鹏新塑胶制品有限公司"
"ZIXIAQIAN","钱子霞"
"A732793056","朝勇（路通）物流有限公司"
"SOMEBODY2012","somebody2012"
"KY288388","广州市康亚物流有限公司《佛山分公司》"
"CX7578","吉林省长浩拖拉机制造有限公司"
"KANGLI8607","广州康力物流集团江门分公司康力速递"
"DENJIANIHAO","李佳（个体经营） "
"LUZHSH2008","天津金宝转运公司"
"HZDHWL","杭州鼎鸿物流有限公司"
"GZHS5688","吉水县宏顺汽车发展有限公司"
"TAOLIUFENG","宁波江北中发物流有限公司"
"XYBWL","深圳市鑫永邦物流有限公司"
"CQXBJY","广州新邦物流成都分公司"
"DGFY1688","东莞市万江福甬货运代理服务部"
"JJFJJYP","北京久久发家居用品有限公司"
"FANCAN1688","范婵 (个体经营）"
"KMCGF","云南鹭华经贸有限公司"
"SMY0395","宋明阳(个体经营)"
"XIONGJIECHEN","陈杰"
"FUDTANXIN","上海义达物流有限公司"
"LUCKYDAY1016","东莞市铭星五金制品厂"
"FUKANGYUAN8","河北大城县保温材料厂"
"SZLYWL168","苏州龙洋物流有限公司"
"AXEXPRESS","深圳市天际航行国际货运代理有限公司"
"TJZPBZ","平阳县腾蛟镇植平包装厂"
"JIANANG69","伍建昂"
"NCJINDOUYUN","南昌市金斗云商贸有限公司"
"ZHENGQINGXIONG","深圳市法兰堡货运代理有限公司（销售业务部）"
"QUANJITONG","惠州市百世全际通物流"
"ZHANGFUGUANG0606","南宫市绒源毛毡制品贸易有限公司"
"ZHANGXINCHANG2011","无锡市永恒货运配载站"
"JCFTSY","广州市吉昌运输服务有限公司"
"PENGHUA20110707","杨小荣（个人经营）"
"HUIYIN688","广州市汇银物流有限公司"
"XDH19870717","德邦物流柳州城中区东环大道分公司"
"JIAJI","佳吉快运"
"OO110YANMEI","师联网络科技发展有限公司"
"JSWXBYD","无锡百易德商贸有限公司"
"QNAQGYSO","宁波大榭开发区申昌运输有限公司"
"QIUWENZHOU2011","中山市小榄镇永乐美容美发用品店"
"GZWINCO","贵州汇科电气有限公司销售部"
"DLYUGANG","马耀文(个人会员）"
"DERSOM1","深圳市德森物流有限公司"
"KAKAYIYI0","新余市伊轩服饰有限公司"
"LRGNGN","宁波迈斯源饮水设备有限公司"
"ZHENGXIAN66","东莞市长安佳越金属材料行"
"YIFENGCRAFT","余姚市益峰塑料制品厂"
"LQMY1688","宁波市鄞州乐琪贸易有限公司"
"LIAOWEI19860818","深圳市纯美娜贸易有限公司"
"KKJJLJB946","中国出租车联盟总公司"
"GAOPENGYU1111","北京鹏飞佳运物流有限公司"
"WXYQWLGS","无锡永强物流有限公司"
"YKDFG","永康市达菲格商贸有限公司"
"HUANGDMING555","黄海强"
"MT13932908861","河北天宇机械有限公司"
"LANZHENZONG","绍兴联创物流有限公司"
"JINCHENGZHIZAO","嘉兴市金城服饰有限公司"
"DSZ646592","新疆若羌沙泉果品专业合作社"
"MJHY1","无锡明佳货运有限公司（业务部）"
"XBLOGISTIC06","新邦物流有限公司天津津南营业部"
"FZGTHY","冠彤货运(福州)有限公司"
"LONGKAIWULIU","上海龙开物流有限公司"
"YOUDISHI2","绵阳高新区先行货运部"
"LDJ131468","深圳市神州龙物流股份有限公司"
"XIE519214754","广昌县晨晖物流有限公司"
"HRZ168","深圳好日子搬家公司业务部"
"GZQILI56","广州齐力物流有限公司"
"LUORUI001","上海达铑物流有限公司"
"JSWL960","崔小香"
"WANJIANGHUAYANG","东莞市万江华杨货运部"
"SUNJIANRONG0328","广州志鸿物流服务有限公司"
"HRQCYS","无锡华瑞汽车运输有限公司"
"DGSHUCHI1688","东莞华盛物流有限公司(货运部)"
"NBLUAN8","宁波路安运输有限公司"
"XUXUEHUA32","深圳达超物流有限公司"
"SHYINGTIAN168","上海颍天物流有限公司"
"SANHU666","三虎货运有限公司"
"ZTO","中通速递"
"YUNDA","上海韵达货运有限公司"
"STO","申通快递"
"BHTEXP","华慧快递"
"DHL","DHL"
"DPEX","DPEX"
"DEXP","D速快递"
"EMS","EMS"
"FEDEX","FedEx"
"CNGLS","GLS快递"
"KKE","京广速递"
"FASTEXPRESS","快捷速递"
"BLUEDART","蓝镖快递"
"LTS","联昊通物流"
"SFWL","盛丰物流"
"SHENGHUI","盛辉物流"
"SFEXPRESS","顺丰速运"
"SURE","速尔物流"
"CCES","CCES快递"
"XFHEX","鑫飞鸿物流快递"
"XFEXPRESS","信丰物流"
"STARS","星晨急便"
"COE","中国东方（COE）"
"ZTWL","中铁物流"
"CNPL","中邮物流"
"BROADASIA","亚风速递"
"EBONEXP","一邦速递"
"UC56","优速物流"
"YJKD","元智捷诚快递"
"ALEXLEE0506","卡斯特烫画坊"
"ADSECORP","深圳市美加快递有限公司"
"JIAJIEDENGJU","台州佳杰灯具制造有限公司"
"KALYGUO2009","广州拓广贸易有限公司"
"GG447186830","东莞市喜佰年物流有限责任公司总部"
"MEIXING006","汕头市美兴工艺玻璃实业有限公司"
"AMBERY831","康顺美家纺有限公司"
"PHILIPLAU","佛山市顺德区信与诚货运服务有限公司"
"YWZHENGHUI","义乌市正惠日用品有限公司"
"YECHENYUNSHU","叶辰物流运输公司"
"CDTFKJ","向光泽（个体经营）"
"HBRONGYE","南宫市恒建绒业有限公司"
"XXJY7","青岛迪生汽车销售广场"
"XXJY7143","新星家园物流公司"
"TSHGHT","唐山海港海通海运代理有限公司"
"LIUJIAN0317","尼克服装有限公司"
"CNZHAOMENG","赵猛"
"HENGFENG201203","佛山恒丰物流有限公司"
"ZHUJUNWDDP","北京鸿缔源科技发展有限公司"
"PRETTYBABY168","广州市番禺区南村博兴服装厂"
"HZWL2012","杭州畅鹏物流有限公司"
"HJTF123","深圳大新华物流销售部"
"SZBAOJUN6","深圳市宝骏物流有限公司"
"FANGUOXU123","旭东商贸物流公司"
"DAHAIYSH","深圳市龙岗区乐聪玩具商店"
"ZHONGMEIGK01","山东中煤工矿物资有限公司"
"YUANSKY75","深圳大洋国际物流有限公司天津铁洋分公司"
"PTPALI08","王毕才"
"XHZH3032599","兴化市志友染织有限公司"
"CHENWEICHENGUANG","海鲜大掌柜海产品批发市场"
"SHMILYLILY","富邦航运(深圳)有限公司上海分公司"
"VOUS2","宁波佰利华航国际货运代理有限公司（西非部）"
"NNHZJJ","广西南宁豪泽家具有限公司"
"MERRYZHUANG123","广州市海速程货运有限公司"
"YOUHANG588","广州优航货运代理有限公司"
"SZQINGDA668","深圳市庆达物流有限公司"
"CHICNATION","上海致格服饰有限公司"
"MF953256956","轻骑铃木配件济南平安专营店"
"LINCAICHUN2009","温州市四方物流服务有限公司"
"WUXILUOZHENGFA8","无锡物流天天快运配载服务部"
"EMA814155359","广州易玛物流有限公司业务部"
"AIER8866","义乌市贝琦电子商务商行"
"SHJIPINGWL","上海集平物流有限公司"
"UFOBIN2008","汕头市谢红内衣行"
"ENYON_DU_CORP","花儿朵朵服装有限公司"
"INKUSA","浙江易舱物流股份有限公司(义乌）"
"SHDYWL88","上海狄亚物流有限公司"
"BJSHIJIWEIYE","北京世纪伟业货运有限公司 "
"CHAOLIANG56","上海佳合运输有限公司"
"FIRSTKELLER","崔永刚(个体经营)"
"JIABANG168","东莞市万江佳邦货运部"
"CHINAWOTU","广州沃途服饰有限公司"
"XIANGGUANGWL","上海洲贸物流有限公司"
"CTAI2008","上海超泰物流有限公司"
"HNFSWL","湖南长沙方顺物流有限公司"
"TOTOXINBANG","新邦物流有限公司成都金牛大丰营业部"
"HUANANWULIU","长沙县星沙镇华南货运服务部"
"NBFLWL","宁波泛联物流有限公司"
"QUANRITONG123","全日通快递有限公司"
"XHP2000","南昌市西湖区银燕诚安货运信息部"
"NCDYWL","东莞市南城东迎货运代理服务部"
"AIDE56","苏州爱德物流服务有限公司"
"SHHB56","上海汉邦物流有限公司"
"YUEQINGMIN888","长葛市云龙机械厂"
"XINYE1168","广东鑫业工具制造有限公司"
"PHL88888","无锡来顺运输有限公司"
"KEAI0308","上海晋灵物流有限公司"
"SWEI1986","威海配货站"
"QJNFCPXJ","肖靖"
"BOYI991115","启东市福茂五金厂"
"CKB2235662","广州市大立物流(厦门)公司"
"ZHDLS88","迪尔斯化妆品（珠海）有限公司"
"ZSHAOMEI","中山市好美电子塑胶制品有限公司"
"YUTONG988","中山市南区宇通货运部"
"DGJUNFA2","东莞市骏发物流有限公司"
"LYXWHJJ","武汉科思达数控技术有限公司"
"MYL13889429336","大连亿海服装辅料公司"
"Z349506991","淄博天润物流"
"LINAIXIN0502","深圳市N扬商贸有限公司（全国进口）"
"W921MIAO","山东梁山通亚汽车制造公司"
"XIAOWUGC","莲香土特产加工厂"
"SZCAOBAOJUN","深圳市明发国际物流有限公司仓储部"
"XINLONGWULIU168","资溪县鑫隆物流有限公司（业务部）"
"CYIANPONG611015","铜陵县金久综合经营部"
"XXXYSL","新乡鑫宇塑料有限公司"
"SHXGWL","上海璇歌实业有限公司"
"ALANMO1181","深圳兆杰物流有限公司"
"KAWAYIWAIMAO","李志平（个体经营）销售"
"JHB5188","蒋海波（个体经营）"
"JINFYJSZPCOLTD","汕头市澄海区金丰源金属制品有限公司"
"ZHAOXIANLVHE8865","赵县绿河梨果购销处"
"WQYTEA","哈尔滨万泉源经贸有限公司"
"SQ781002","杭州阿宝物流有限公司泰兴分公司"
"DONGHAO0769","东莞市东豪快递有限公司"
"SZCSWL1688","江西昌顺物流有限公司"
"HEZUOING","上海妆典贸易有限公司"
"DEKUIWULIU","天津市东丽区德奎配货站"
"AHFANGCAI","桐城市芳彩包装有限公司"
"LIVE731284911","上海鹤联物流有限公司"
"BX1274486194","博欣捷运国际货运代理"
"XYWXZMJGC","祥云县文祥猪毛加工厂."
"HAIYUNDAILI2012","连云港明轮国际物流有限公司"
"CNHUTAO1","乐清市人禾电子有限公司"
"MUMUXIN214","潍坊聚成物流有限公司市场部"
"QQ3538","林汉辉(个体经营)"
"DODODC","广州互通搬运服务中心"
"AXILIXI1688","贵州阿西里西电子商务有限公司"
"LIHONGTYHY","无锡市水蓝货运代理服务部"
"QSMX20101688","罗绪意"
"WANGDIYUAN12","深圳旭日达物流有限公司"
"NETCAFE79","大连乾进国际物流有限公司"
"FLH0609","法国戴高乐泳池设备（中国）有限公司"
"WHJINZHIFEI","武汉金志飞净化设备有限公司销售部"
"KING521SONG","济南机地联盟通讯店"
"CJLWULIU","深圳市天成快运物流有限公司"
"SHBANGTONG","上海邦通快递有限公司"
"HAIKOUYUHANG","禹航货运代理有限公司"
"QIULIANWEN2","广州成功木酒桶厂"
"CSJSD56","常熟市吉时达货运有限公司"
"AIER8866_DU_CORP","义乌市贝琦电子商务商行"
"WANGYM53","通州区金沙镇建鑫物流中介服务部"
"XINDI56","常州市新迪物流有限公司"
"BAODE56","成都保得物流有限公司"
"JINGMENGJUA","上海山本物流有限公司"
"JCWC8711","东莞市长安赣通货运代理服务部"
"HUAMEIJITUAN2012","河北省华美集团"
"YXZSOS","乐清市亿网电力设备有限公司"
"JKPVC","新乡市杰科塑胶材料有限公司"
"DYYSYXGS2009","泰安市泰山区德盈运输有限公司"
"DGYINGCHUN","东莞市凤岗华发货运代理服务部"
"CHYX2012","时尚外贸女装"
"A2251195689","谢青春（个体经营）"
"WULICHUAN1985","北京市东庆金属表面处理有限公司"
"HCLOGISTICS","昆山宏程运输有限公司"
"LIANGFULIPEI","江苏尊龙物流有限公司深圳分公司"
"ZWM13912470014","无锡市永宏运输公司"
"TJW79212","吴辉兰"
"MYXXCM","开原市名缘信息传媒有限公司"
"HAOGG1005","魏明忠（个体经营）"
"RUCIERYI2008","严华刚（个体经营)"
"WULIU058856","杭州安弘国际货运代理有限公司"
"HHENG1688","济源大禹商贸有限公司"
"GZSHUNWEN1","广州顺文科教用品有限公司"
"FANGSUNLIN","金华市名邦货运有限公司"
"A794823222","深圳市原飞航物流有限公司（小榄分公司）"
"TUSHANYU","上海迪品思国际货运代理有限公司"
"C472299","新时代通成物流有限公司"
"FEELHANDY","上海飞翰物流有限公司"
"XIANGLAIWULIU","上海翔莱物流有限公司"
"CANGNANJIAQI","苍南县龙港佳启纸塑工艺品厂"
"LICHAO1437CD","李超（个人）"
"YUNYAN0917","武汉航铁快运有限公司"
"BVLLO","东莞博路物流有限公司（市场部）"
"TIANRANHONGSHU","雄县天然红薯专业合作社"
"XMJMI","厦门金米保洁有限公司"
"HA332021","朗晟物流有限公司"
"LUOBAIQIANG","上海进旺贸易有限公司"
"HMILYJM","杭州远大货运代理服务有限公司"
"MINUOFURNITURE","广州市米诺家具有限公司"
"LKJHGF423985","南通市建亮金属构件科技有限公司"
"HEROHZ","亚东国际货运公司"
"HFCPHY","合肥畅平货运有限公司"
"WEISHENGRUN","常熟市稳达府汽车运输有限公司"
"BILLPARK","上海凯迅国际物流有限公司空运部"
"GUANGYU56","烟台广宇货运代理有限公司（计划物流部）"
"SZHUACHUANG88","苏州华创物流有限公司"
"XBWULIU8688","上海新邦物流有限公司宁波慈溪观海卫分公司"
"TAIYI0755","东莞市南城泰狮货运代理服务部"
"YMKYVE","*1213123"
"AS1112","义乌市张娟塑业有限公司"
"GNXA","武汉市~口区明鑫化工商行"
"RXL6088","深圳市日新隆硅胶制品有限公司"
"ANDYEJSUS","多伦联邦物流园区有限责任公司"
"JUSHENGLOGISTICS","惠州市中桔物流有限公司"
"GUANGXIANGWULIU","常州市广祥运输有限公司"
"LHD58235231","秦皇岛秦远物流快运有限公司"
"LAMWSM","香港富鑫达科技有限公司"
"RAOKE5427","苏州市粤星汽车运输有限公司苏州分公司"
"GZSDPJ","广州市新思力皮具厂"
"LARRYZHANG0537","山东济宁华奕工贸销售公司"
"JIAQIAN888","汕头市潮阳区铜盂佳倩针织厂"
"AHHS01","马鞍山市华盛冶金工业机械刀片有限公司"
"HONGYEWULIU88","邯郸市鸿业物流配货中心"
"GZMY56","赣州闽运物流有限公司"
"SUNXUANJERRY","青岛纽世达国际物流有限公司城阳分公司"
"JIANGWEI84592339","江伟（个体经营）"
"TAXI56","江西省鑫马通运物流有限公司"
"HGB5757","深圳市帝豪国际货运代理有限公司"
"WU476260567","广西凭祥鹏展进出口贸易有限公司"
"WCYF","无锡大资讯传媒广告有限公司"
"HONGXIANGYUZAO","郑州市金水区红香玉枣经营部"
"A694739438","上海闽惠物流有限公司"
"ZISKY","林锋(个体经营)"
"CHENRUIMIN2012","苍南县迅驰纸塑包装厂"
"NANHUKUAIYUN","武汉市南湖快运物流有限公司"
"YAN3707","广州市海川物流有限公司广州分公司"
"QQ103576668","广州风华综合物流有限公司"
"SBWFB","苍南双宝无纺布制品厂(普通合伙)"
"YXWQG","广州市神州风行物流有限公司"
"CNSHN","东莞赛朗科技有限公司"
"DONGLIUTAO","上海嘉歆包装机械有限公司"
"LSSDKY","罗氏速达物流公司"
"JSHBGY88","泰州市开发区鸿宝工艺厂"
"ZEYUJGJ","永年县河北铺泽宇紧固件门市"
"YUBEN88","上海煜奔电器有限公司"
"ZQX332423","*小兔子*城堡"
"HXTDL","项城市恒祥有限公司"
"FUJINWULIU","上海持成物流有限公司"
"GZANLIDA","广州市白云区太和淇骏北场安利达货运部"
"CZSMSL","沧州盛美包装材料有限公司"
"STOLOVE","浙江任氏物流有限公司"
"SZLZHANGYAN","深圳龙岗最大最好的物流公司"
"XIANDAI5656","抚州市现代物流有限公司"
"CDYGBH","青羊区阳光百货店"
"HUXIBIN1974","南京天祺物流公司"
"YANYINUO1989","西安德美防水材料有限公司（工程部）"
"MINGYUEXIANGSI","深圳宇亮光电技术有限公司销售部"
"YTLJY1688","东莞市盈通净化科技有限公司"
"ITBUSPECIALTEST2","阿里巴巴网络有限公司"
"SUNMARR","浙江双马国际货运有限公司宁波分公司"
"YERUIDIAN","深圳速速达物流有限公司南宁分公司"
"LIGHTEVER","昆山钰恒电子衡量器有限公司"
"SZZHENGQING","苏州市政卿金属制品有限公司"
"ZZMST","鸿运建材厂"
"ALI878920122","蓬溪县蓬南镇蒋小林副食店"
"SHYZ1688","吴春伟"
"YD128000","公主岭市经济开发区天木工艺品厂"
"SUYANSUYUN","上海速雁物流有限公司"
"ZHANGLINNET2010","都匀市怀友天下白酒经营部"
"HCSYSH88","沪程实业（上海）有限公司"
"HAO20111218","黄明浩（个体经营）"
"FITALL56","上海飞度货运代理有限公司"
"JIAYI58994020","慈溪宁诚物流有限公司"
"DXAKFQB","龚中元（个人）"
"RUNYIWL","上海润易物流有限公司"
"XJKY56","上海效杰物流有限公司"
"WY1796888123","浙江鸿达鞋业"
"GUSHUPIAOXIANG","昆明古树飘香茶叶有限公司"
"HEHUIZHENYY","惠东县平山应达服装店"
"WODEALI2","山东临邑八达仓储信息配送中心"
"CHJCK158","富阳创红进出口有限公司"
"NBTXZDC","宁波市鄞州泰欣织带厂"
"NBSATE","宁波市鄞州赛得塑业有限公司"
"ELSAPA","乌鲁木齐爱利萨帕商贸有限公司"
"FENG766521880","鲁慧钢管有限公司"
"YH1992315","飓风物流西乡分公司"
"WANGDEDIANPU","王文辉 (个体经营)"
"LILONG725555","泗城物流"
"QINDA56","张华"
"HAPPYRSUNNY","张静Theone(个体经营）"
"HAOMAMASHALONG","伍美云"
"XIN766","东莞市厚街鑫旺木材经营部"
"CHENZHEN2741","上海粤天物流有限公司营运部"
"TUNGPOHKSZ","香港通宝货运物流（香港）公司深圳代表处"
"JIAXIANGHUODAI","无锡市佳翔货运代理服务部"
"CVEX56","云南中视快运物流有限公司"
"ZYL2WYY","河北白沟新城民森皮具有限公司"
"HUANGJIANPING66","灵山县武利镇环球果苗种植场"
"ABCDEFGWHZ","深圳市尊龙货运代理有限公司"
"YANCHEN309","广州市林文皮具有限公司"
"SHMGLJJ","上海迈歌信息科技有限公司（阿里客服部）"
"YONGQW2010","重庆新人类科技有限公司"
"CAINO522844839","远东外贸公司"
"DTSXCGSL","许成高(个体经营)"
"ZHANBIN10","哈购商城"
"A591495118","东莞毅发物流有限公司"
"A2397234380","上海云方物流有限公司"
"BLTWL2009","百路通物流有限公司镇江分公司"
"GZFM08","广州市凤鸣物流有限公司"
"ZIMO123456","东莞市虎门加达货运代理服务部"
"GZJX1983","桔圣物流有限公司"
"HZBIAODIAN","杭州标点庆典礼仪服务有限公司"
"SZXFHSD","中铁物流集团飞豹快递"
"HONGTAIRUIFENG","兰州鸿泰瑞丰商贸有限公司"
"MEIYUANSHEQU","宁波市鄞州石\雅青服装店"
"XJXWHS","上海运泰国际货运代理有限公司-苏州营业部"
"LUKEJEE2011","江阴市百昌大件运输服务有限公司"
"WENTLIPJOAN","力天合有限公司"
"ZFB810867628","宁波鄞州横溪华泰家电店"
"JYCJZX","深圳市嘉运程物流有限公司"
"JMCJMC001","上海合德国际货物运输代理有限公司（江阴办事处）"
"XFH5J","深圳市龙岗神州龙物流公司"
"DONGYANGKUAIDI","刘志斌"
"WFSJDL","潍坊世纪德隆贸易有限公司"
"ZGJ9001","淮北市红豆洋蕾商超供配中心"
"SDSZXJH","昆山台达货物运输有限公司"
"TZHS56","台州市浩升物流有限公司"
"FZBEST2012","深圳市百思特物流"
"ABC05793377","张伟"
"YEJINGFENG8888","广州市和平国际快递有限公司"
"CQGF189","重庆发仔袜业 "
"SHOEBAG","功夫龙书包有限公司"
"CHUANYEJUNE2010","苏州嘉航集团"
"19631216","李 虹（个体经营）"
"WEBNAME2003","阿里巴巴(中国)网络技术有限公司(内部测试帐号)"
"SHEWEIMIN","浙江兴海能源科技有限公司 市场部"
"LHWJWXX","临海市经典有机玻璃钮扣专卖店"
"FUHAIWULIU","常州市福海物流有限公司（销售部）"
"JSDYFBL","徐州华联玻璃制品有限公司"
"TONLITECH","泰安普惠电气科技有限公司"
"WUXICHUANNAN","无锡市铭轩物流有限公司"
"ZFBMYLEE5138","李氏（个体经营）”"
"SELLERBOX","深圳市环球运货运代理有限公司"
"P7553559P","深圳市宝路达物流有限公司业务部"
"SDHYGS001","无锡顺达物流公司"
"CACEX","武汉飞达利航空服务有限责任公司"
"HUIXU0198","东莞大田物流有限公司"
"MOWLAWEE","亚洲果业集团有限公司"
"ZWQAL","张文权"
"A604343447","罗氏商贸有限公司"
"BOMEIHUACAI","义乌市博格利诺文化用品有限公司"
"DOGFISHDJHDX","贵州勇拓黔图物流发展有限责任公司"
"HYGONGXIAN","黄岩高桥功献塑料制品厂"
"GZQIUSUO","广州淘仔婴幼用品有限公司"
"C892648373","江西省奉新东方汽车服务有限公司"
"HUBBLELOO","上海乾诚机电技术有限公司"
"QINLONG56","陕西秦龙物流有限公司"
"JACKIEJKD","陆阳"
"A1458690093","江西东方汽车服务公司"
"SZBAINATONG","苏州市百纳通货运有限公司"
"YAOTONG56","东莞耀通物流有限公司"
"0531COM","济南翔诺物流有限公司"
"PALOGISTICS","中山火炬开发区鹏安货运服务部"
"SHHEYUAN168","上海和源货物运输有限公司"
"DEVICT","北京德维康科技有限公司"
"SHAQIMA628","重庆朗鑫物流有限公司"
"SZYUTONGWULIU","苏州宇通物流有限公司"
"SZKJHY","深圳康久货运代理有限公司"
"JNEXMP","济宁市任城区恩星苗圃"
"DWZHENG2012","深圳市美泰物流国际有限公司"
"GUQIUER2011","顾永根（个体经营）"
"TSSANRONG","洪永（个体）"
"CZZSHW","南京子时货物运输有限公司"
"WSWFJF","范静蓉（个体经营)"
"LINCONY","无锡峰业运输有限公司"
"LLJ988988","开封万顺货运部"
"RKH82","苏州市永结货运有限公司"
"WELL4002","海口唯尔物流有限公司"
"HBJLWANGBO","义乌市凯邦货运代理有限公司"
"QZJTZY","青州市金泰纸业有限公司"
"SHTONGER","上海通尔物流有限公司"
"CSDNF","杭州富邦物流有限公司"
"SUYANHUA1688","南宁新西南物流公司"
"NBDX0574","宁波路安货物运输有限公司"
"WANSHISHUN","营口宏远船货代理有限公司"
"CHUANGQIANG","慈溪市创强电气有限公司"
"JDNSKBEARING","上海昊赢机电轴承有限公司"
"TBMYDATE19871001","吴诗庆（个体经营）"
"FANGSHOUGONGYI","苍南县丰硕工艺厂"
"JXZPXS","河北振兴橡塑制品有限公司"
"DEBANGWULIUHCZ","德邦物流"
"YANGZHIHONG168","宝恒通集团"
"JCFELIX","锦程国际货运代理有限公司汕头分公司"
"JXHNZCH","张翠红"
"TBHONG1380778517","深圳市金能谷光电科技有限公司（业务部）"
"FEIFANCHENJIN","深圳飞帆航空货运代理有限公司"
"FHJIAN123","苏州古德国际货运代理有限公司"
"HZGAOSIMEIBIAOSHI","杭州高斯美标识工程有限公司"
"HONGXIANGBL","泗洪县宏祥玻璃制品有限公司"
"CHENZEWU1983","公喜牌广马牌电器排插厂"
"CDGY","成都广义物流有限公司"
"WHBH","武汉市东西湖倍和物流经营部"
"HUICHANG56","广州惠昌物流有限公司"
"KONGYUN888","苏州捷运航空运输有限公司"
"ZJJFDLHY","浙江尖峰国际贸易有限公司"
"ZJYWXBWL","新邦物流有限公司义乌江东篁园路分公司"
"XINYONGAN2009","深圳市新永安搬迁服务有限公司"
"COMCN8","山东省聊城市冠县大家乐棋牌室"
"LU742906074","南京久富运输有限公司"
"LANGFEIYU90","天地华宇武汉三江华宇物流有限公司  分公司"
"SZJINLIDA998","深圳市金利达微电机有限公司"
"LHTEXPRESS","广州六合通货运代理有限公司"
"XQ5688","上海轩庆物流有限公司"
"CHUNRUN56","江西广昌宏信汽车配送物流有限公司"
"GUOLIANJIE56","湖南国联捷物流有限公司"
"ZXW20020625","上海佳春物流有限公司"
"GZRFGJHD","广州日峰国际货运代理有限公司"
"NTLJSWL"," 南通港闸区华丰货物配载中心"
"LEIBO200","湖南常德电动车配件商行"
"DINGTIANDIANZI88","深圳市联球源电子科技有限公司"
"GZZHITAI","志泰物流有限公司"
"SQZW2012","浙江沃姆斯裘皮有限公司"
"CSHG","长沙恒广物流有限公司"
"WXSHOUJIA","无锡首嘉震动盘有限公司"
"WFKKKKK","深圳长领电子智能科技公司"
"WFDENGGUIQIAN","邓桂倩(个体经营)"
"LIUYONGWANG623","广州城市之星物流运输有限公司"
"DRAGON9888","无锡市辰隆物流有限公司 "
"GZHSC008","广州海速程货运有限公司"
"CGMUTONG1688","广州市成功木酒桶厂"
"WY19861124","上海钱汇国际物流有限公司"
"SSDJY111600","陈满娥（个体经营）"
"AOMA56","奥马物流攀枝花分流部"
"JIANG229001311","蒋少鹏（个体经营）"
"HZJL56YXGS","杭州聚力物流有限公司"
"HZJTJT12","菏泽交通集团"
"BOBBYHUPING","深圳市大智通国际货运代理有限公司空运部"
"LLM0421","义乌市云雀电子商务商行"
"SZGYKI","深圳市感一科技有限公司"
"YINGHEWULIU","上海英禾物流有限公司"
"ZWJ15529833888","靖边通宇工程机械租赁公司"
"JOHNSONYAO886","姚宗升"
"MNKS","乐清曼奈柯斯电器有限公司"
"NHYSMETAL","宁海县源生金属制品厂"
"JIAYU","佳宇物流"
"LISHUAI186","阿里物流（苏州）市场部"
"CHENJUNWU0512","陈钧武"
"YEYAZHONG","上海鸿人达物流有限公司"
"YCSYC99","盐城远达物流货物配载中心"
"JXTCWL","嘉兴天诚物流有限公司"
"YANGWENYANGHUI","慈溪市范市恒模五金配件厂"
"HAI0379","宁波超星海洋生物制品有限公司"
"SLPCD2","深圳旺顺达物流有限公司"
"ZJYDPUMP","浙江远东泵业有限公司"
"STKJHWL133","汕头快捷好物流有限公司"
"YFEVA2011","宜昌裕丰国际物流有限公司华南区分公司"
"LHY13544194861","深圳市浩翔太阳能电池有限公司"
"WXZHSL","温县纵横塑料建材厂"
"KAKA156","群N物流运输有限公司"
"LOCAR6","Z&Z魔法盾"
"HUBINGHUA01","东莞市华泰货运代理有限公司"
"GDJINGHUA","南和县竞华钢锉厂"
"KAILU1XILI","卜喵喵(个体经营)"
"DESHUN365","苏州德顺运输有限公司"
"EXPRESS368","广州迅嘉货物运输代理有限公司"
"LYMAZHIHONG","马志红"
"JIMME528","广州苏美发展有限公司"
"WZHS8","深圳市海盛国际货运代理有限公司"
"DENGJUN826094321","成都韵达快递"
"QIYA168","上海武伟物流有限公司奉贤分部"
"TIANJIN201TIANJIN","武汉三江华宇物流有限公司大毕庄分公司"
"HDPE6569445","江都市宜陵宏兴塑料造粒厂"
"FEIYUEXUNMIN","方敏（个体经营）"
"ZHUOYUEHUOYUN2011","南阳宇星货运公司卓越部"
"WUTIANPEIXX","上海市虎桥国际货运代理有限公司（深圳分公司）"
"LINLINAIHA1","艳芬国际开发贸易公司"
"TFYAZHUANG","金牛区天府雅妆日化商行"
"FEIERDZ","深圳市富东盛科技有限公司"
"AIDANDAN1213","生子数码科技"
"TOMMY830912","大连市甘井子区华顺货运服务处"
"LEANOR","深圳市普华软件开发有限公司"
"SHCFDZHQ","上海称风电子衡器有限公司"
"STONELEE2009","无锡市聚创运输有限公司"
"SDPY19721107032","浩立酱菜有限公司"
"NJSAMSPXSZX","南京市江宁区孙艾梅食品销售中心"
"LVGENTAO1986","诸城小红马快递公司"
"ROINDTC","上海铅冠物流有限公司"
"JINHUISUMO","余姚市城区金辉塑模五金配件厂"
"YF62506651","上海恒往物流有限公司普货大件部"
"YOUT1987","***（杭州）"
"DAOCHUANWULIU","天津市道川物流有限公司"
"ZGTCLZ","远变玲"
"HUANZHEN56","东莞市南城环振货运代理服务部"
"CXWULIU188","深圳市诚信物流有限公司"
"KK18280","广西翁氏八达物流公司"
"ALI343020122","亿通天储物流运输有限公司"
"LIYIPENG123","广州致立货运代理有限公司"
"TONYZXW88","上海泽惠国际物流有限公司绍兴柯桥分公司"
"XIONG16989","深圳久诺国际货运代理有限公司罗湖"
"ZJXY56","浙江新颜物流有限公司"
"HLDWHSHF","大通商贸有限公司"
"TZYXGD","台州市黄岩用心塑胶有限公司"
"LEMON32296","广西区邮政速递物流有限公司南宁市分公司"
"LUSHUNWL","东莞莞宁物流有限公司"
"YDSJ888","东莞市创锦塑胶原料有限公司"
"PENGCHENG525","上海博步贸易有限公司"
"PINGFANLEE","实得分"
"RUNGU168","深圳市润谷食品有限公司"
"AFT56","新疆阿凡提物流有限公司"
"GONGSUDA2012","共速达物股份有限公司"
"FYGWD","上虞市鼎顺贸易有限公司"
"DINGXIANG1994","玉环鼎祥液压工具厂（普通合伙）"
"GDYXLYC","广东永兴铝型材厂有限公司"
"JEFFZS","中山市途鹏物流有限公司"
"HUAXIAFUYUN56","华夏福运物流有限公司"
"LIWEIWULIU123","利伟物流有限公司"
"SXHEZHONG","绍兴市和众酒业有限公司"
"GZANTAI56","江西安泰物流有限公司"
"XYUEY","深圳市领航物流有限公司"
"TENGNONGSH","上海腾速物流有限公司"
"ZGF09","广州安联船务货运有限公司总部"
"XIAOBAOJUN1314","肖宝军（个体经营）"
"GDLX56","广东东莞立信物流有限公司"
"HYHY58","遂平县长中宏运广告创意社"
"HENGHONGYUNSHU","苏州恒宏运输有限公司"
"KAISHIDASPORTS","福建省凯仕达运动服饰有限公司"
"ZHUANG5533","上海力隆物流有限公司"
"XUCHAOYANG1688","石狮市辉煌化工材料有限公司"
"MEISEN2010","黄山美森新材料科技有限公司"
"SZHHD1688","深圳市辉煌达金属制品有限公司"
"SHIJIYINGXIANG2011","北京世纪鹰翔物流有限公司"
"LINGANG84","重庆中自物流有限责任公司"
"ZHIYUANBZ1","苍南县志远塑膜包装厂"
"XINKANG20","东莞市大岭山鑫康五金加工厂"
"GZDIWEILONG","广州市海珠区迪威龙服饰厂"
"PIAOPIAOFS","义乌市漂漂电子商务商行"
"AYSHF","安徽远洋国际货运有限公司上海分公司"
"KSQS56","昆山市全顺货物运输有限公司"
"JEREMYWU86","厦门古雷港进出口有限公司"
"CDXFYY","成都先锋运业有限公司"
"LUODONGXIONG","广州米琪绮内衣有限公司"
"YUANJINGWENCHUANG","厦门市翔安区大嶝远景文创商行"
"MATAITAI2010","金明达（北京）贸易有限公司"
"XINYANGANDAHUOYUN","信阳安达货运物流运输公司"
"LONGJING201106","苏州龙晶货运有限公司国内运输部"
"ZHENCHUNWULIU","上海振春物流有限公司"
"EATONYU","杭州嘉诚商务有限公司"
"SZRUNMIN","汕头润民电子厂"
"XUZHONGLIANG90","杭州通泰物流有限公司"
"TSSY02","上虞市联兴制伞有限公司"
"HUANGHENGYUN","深圳市三方物流有限公司物流部"
"CRGCRG8","何晓会  （个体经营）"
"SPOOK888","金太阳广告公司"
"EDISON860701","深圳依特国际货运代理有限公司业务部"
"Q277144181","中顺物流"
"YJS20090808","O建社"
"ZYUANGAO","卓远物流"
"SHQIANGFENG999","上海强丰物业管理有限公司"
"SZLYMX","深圳市好心半导体有限公司"
"5266863","常州市山泉(程亿)物流有限公司"
"LUKUNWL","上海陆坤物流有限公司"
"ZHUIFENG200808","青岛润航物流有限公司"
"HEKUNHONG1","佛山市三水区西南街叶氏毛织厂"
"SANDONGJULONG","赵言龙(个体经营)"
"YIXINMY","金乡县翼新贸易有限公司"
"QJINAN5589","昆山恒安运输有限公司"
"WUXIJINXINGWULIU168","无锡市金星物流有限公司"
"SHJINYUNWULIU","上海晋云物流有限公司"
"LECHENGZAIXIAN","聊城乐城在线网络科技有限公司"
"FZSDWL","福建省道畅物流有限公司"
"ITXVFHP88","亳州飞腾礼品有限广告公司"
"MORUIMY","义乌市摩睿贸易有限公司"
"TAOYEVS","尚天集团"
"HF0303","深圳彩联供应链管理有限公司"
"GDYPW156","广州盈鹏货运代理有限公司"
"CXY088","深圳市成兴业货运有限公司"
"QXLOVE2008","乐清市宇连汽车接插件厂"
"MICHELLELAIXUEZHEN","深圳友旗物流有限公司 市场部"
"CQRIAN","重庆日安阀门有限公司"
"WHZHANGDP","武汉立航达物流有限公司"
"BENSHINA1006","朱氏销售中心"
"TIANHUIWULIU","东莞市天辉物流有限公司"
"LUSHENHUOYUN","深圳市宝安区沙井陆深货运部"
"ZENG2873","深圳宇顺电子股份有限公司"
"WANGJUN227","王军（个体经营）"
"AODAO1688","义乌奥道服饰有限公司"
"GANHENGYAO","深圳市海盛国际货运代理有限公司-国内业务部"
"SZSHGJ801","深圳市世华国际货运代理有限公司"
"JXFR88","成都吉祥富饶货运有限公司"
"WALTWANG20110321","大连心龙国际货运代理有限公司市场部"
"S47389533","西安鑫源运输服务有限公司"
"YUANTONG56","上海远通物流有限公司"
"HZ8YANGJIAN","让天下没有难做的生意|欢迎您，申请和办理--中国供应商(外贸)、*(内贸)"
"QQ229463382","杨晨（个体经营） "
"YANHUANG25","郑州市二七区昌盛体育用品配货站"
"BLUE8BIRD","上海生旌物流有限公司质控部"
"TJJSQ","苏宁航母移动专营店"
"QINGSONGZHANG853","广福科技有限公司"
"HUAXUNTONGDA","深圳市华讯通达科技有限公司"
"YINGYING19270","钱多多(个体经营）"
"E856","广州尚海物流有限公司"
"WX956352917","无锡市滨湖区胡埭张勇摩托修理部"
"DAHUAHUOYUN","山东恒良物流有限公司"
"FUHENGHUOYUN","杭州石大路货运市场富佳货运信息服务部"
"JIANGYT408","江泳滔"
"XCLR1986","龙文祥（个体经营）"
"XINBANGOLDBAN","北京市新邦物流服务有限公司天津津南第一分公司"
"JIALONGHUOYUN","无锡市绅宜运输有限公司 "
"SHAILIAI","上海艾荔艾金属材料有限公司"
"SHENYFDE","东莞市虎门跨航货运代理服务部"
"SHENMJ2012","迅博信息科技"
"ZHONGGUOLIZONGWEI","云南昆明大商商贸有限公司"
"YESQUN","浙江汇联物流有限公司 "
"ZEZHONG56","上海泽众物流有限公司"
"SDLYSFQ","临沂汇源日化彩妆商行"
"YANGGEN88","义乌市爱都工艺品商行"
"SKYY88","沈康元（个体经营）"
"QDSXSKYB","李沧区泰合兴货运信息咨询部"
"DONGSHENGFUTIAN","北京东盛富田聚氨酯设备制造有限公司"
"LOVEBEIJIN2008","宁夏新隆晟冶金有限公司"
"CCMH56","重庆梅沪物流有限公司"
"SZZIYOUDU","深圳市自由度设计有限公司"
"DENGJIE3735689","上海安甲物流公司"
"XUEPEIXIN","大连东新食品有限公司"
"HYCCAM","深圳市穗佳物流有限公司"
"WINIXI","上海顶讯网络科技有限公司 "
"LUO6821318","中山市南区龙翔货运部"
"HEZONG2012","广州市合纵货物运输代理有限公司"
"SUNRISEHK56","东莞市常平新东升货运代理服务部"
"FRANKLHAN","宜兴市博茂电子有限公司"
"LIANYUE68","上海惠信物流有限公司"
"GENSUOMENG","包头市盛达机电公司"
"WILLSTAR521","天地华宇物流有限公司张家港分公司"
"JIANGGONGWEI520","东莞市德邦货运有限公司道蛴业部"
"JIAN198909","江西广昌宏信汽车物流配送有限公司"
"XB574","广昌莲诚物流有限公司"
"WANGTICHENG","徐州天一玻璃制品有限公司"
"HENGSHUIPUGUANG","衡水普光照明科技发展有限公司"
"ZENG2873_DU_CORP","深圳宇顺电子股份有限公司"
"JBQ99","天津远成物流快运有限公司北辰分公司"
"A24762433","新安国际物流"
"QINLEI29882531","深圳市恒通物流有限公司"
"LUOJINGCHAO","逸欣达物流有限责任公司"
"D2011036","银川市宏通达物流信息部"
"YANSHAN088","平南县安怀镇燕山建材厂"
"SHSHUNTIAN56","上海舜天物流有限公司"
"HBYWZYXGS","焦作市华宝源物资有限公司"
"NBLIYIN","宁波市江东丽音医疗器械有限公司"
"YIMIN201109","漳州市毅民塑料制品有限公司"
"KAIGEHAN2010","深圳市鑫联运国际货运代理有限公司"
"WY361525","东莞市万江鹏程货运部"
"NANFENG56","东莞市南丰物流有限公司"
"ZHANG22557","上海鹰源国际物流有限公司"
"TSXLJD","唐山市协力胶带运输设备有限公司"
"HUIHONGWULIU","广州辉宏物流有限公司"
"TIANEN56","苏州天恩物流有限公司"
"XZFXC2011","柯桥国际快递有限公司"
"HANGXIAOXUE66","通州区兴东镇天使之恋孕婴店"
"SUNNYLIUQ","深圳市飞翔物流有限公司"
"DGJDWLGB","东莞市南城骏东货运"
"CHENXUDONG5","深圳市鼎迈物流有限公司"
"SHHAODI","上海好迪物流有限公司"
"ZZWULIU88","郑州国盛运输有限公司"
"ZENGHUI840819","上海慧佳运输有限公司"
"NB070421","上海粤天物流有限公司"
"SANYANGJD","东莞市三阳机电有限公司"
"SKMAZENG","苏州辉速达物流公司"
"QICHUAN56","上海启川国际物流有限公司"
"ALI030620122","韩润国际货物代理有限公司"
"WQAGKILL","王强"
"HONG7103523","李四个体经营"
"DGRCWL1","东莞市融成物流有限公司"
"PAH5700","新彩化妆品公司"
"WJAIPK","深圳市立方速国际货运代理有限公司"
"SZANLIDA","深圳市安利达物流有限公司"
"TKHAN88888","志融国际运输代理有限公司"
"XXCJDY","新乡市创佳电源材料有限公司"
"ZUXINSHOES","浙江足信鞋材有限公司"
"YWLWG","义乌市伯顿印花厂"
"YONGHENGTD1688","佛山永恒通达物流有限公司"
"JACKYYPC","颜鹏程(个体经营)"
"A307858340","周永丰（个体经营）"
"WUYUEWULIUZS","中山市东凤镇吴越物流服务部"
"CUNMIAO2011","姜存苗（个体经营）"
"LIUCONGDE29","佛山新邦物流服务有限公司顺德均安分公司"
"WANTONG09","f通直荡a印花公司"
"CHENFANGMIN1013","北京捷鼎达物流有限公司"
"DIELIANHUA521","济南金达物流有限公司"
"LUSTER2011","武汉旗林科技有限公司"
"WZJZML","奕鑫服装有限公司"
"WEAS5020","项锐"
"GENYUAN2010","济宁鱼台县强大物流配货站"
"JIAXIAOKE1688","温州市瓯海迅发托运部"
"CHENFASHU","苍南县江南新型墙体材料厂"
"G375638292","深圳市智人成物流有限公司"
"YUANTAI20100930","宝鸡市源泰机械制造有限公司"
"JHL19821021","天津昊诚物流有限公司"
"BINGFENGBAO2010","广州远联达国际物流有限责任公司"
"QQ756475191","上海豪野物流有限公司"
"BJLXWLYXGS","北京隆鑫互通物流有限公司"
"SHCX999","上海创翔物流有限公司"
"XUMEI3579","武汉市洪山区金利货运信息服务部"
"LIAIMING1688","东莞市樟木头立N行塑胶原料经营部"
"NANJINGMINGHUIWULIU","南京铭辉货运配载部"
"BEIENBAO2009","汕头市新姿扬实业有限公司"
"XANADU2K","北京吾爱吾买电子商务有限公司"
"QQ1127094338","余艺俊"
"WEIRUISULIAO","雄县威瑞塑料厂"
"GJF6417772","唐县申通快递"
"ZHONGTUO56","洛阳众托货运有限公司"
"TAIQI01","佛山市台企商贸有限公司"
"WXFAYS88","丰安物流有限公司无锡分公司一部"
"BBY671772555","苍南环维塑膜工艺制品厂"
"DONGYUE201010","广州东岳货运代理有限公司"
"HUANGSHIYU1205","黄泽锋（个体经营）"
"SANLITONGDA","佛山市精瑞包装机械有限公司"
"SHILINWL","上海时林物流有限公司"
"DGFAYS","东莞市丰安物流有限公司"
"WHRWZG","俄罗斯海关服务物流有限责任公司"
"XYHDDZ","咸阳宏达电子材料有限公司"
"ZJNJSRQ","镇江新区南极电子散热器厂"
"QDHJX88","青岛合佳兴机械有限公司"
"SHINSHERRY","潘蕾"
"GUHONGCHAO","吴江市鸿通纺织有限公司"
"TAOZITWT","飓风物流有限公司深圳西乡分公司"
"LONG19900309","广州万隆华江物流有限公司常德桥南分公司"
"ZBYLJSJ","博山白塔益隆减速机销售部"
"QILIANGJIE2012","宁波颖晋国际贷运代理有限公司"
"ZJYWYD","徐文理(个体经营)"
"BESENCHEN","中铁伊通物流有限公司"
"SHSHUOYUAN","上海朔源机械设备有限公司"
"ALEXWO2010","乐清市胜诺电器销售中心"
"YNCX56","云南宸翔物流有限公司"
"LIJINGLONG2588","金意服饰{个体经营}"
"ZGXZF","诸暨市秀织坊针织有限公司"
"BINGFEIYAN19","孙鹏"
"CESTESTT","大地运输公司"
"QUQI8","广州花都创维直销店"
"QINGNIANFUSHI","中山市青年服饰有限公司"
"DGRUNDONG56","东莞市南城润东货运代理服务部"
"YSPMXBZ","南宁市宣武木箱包装厂"
"AOHUAZHIYUAN","常州至远工艺品有限公司"
"CY20100501","东莞市刘羽塑胶制品有限公司网络销售部"
"ENYON","黄炳龙"
"WGF11780758","肥城海盟物流快递有限公司"
"BJHXTS","北京华鑫通顺货运公司"
"XMY3666","福建兴美亚新型建筑材料有限公司"
"A2586491063","上虞市道墟百民金属不锈钢制品厂"
"ZFB909267140","澳语有限责任公司"
"NBNHYIXIN","宁海县跃龙街道一鑫塑料五金加工厂"
"VNETGUANG","高西林（个人）"
"SUFENG19910726","晋城路路通公路运输有限公司"
"AA31304303","布谷鸟国际货运代理有限公司销售部"
"DYHYHY","丹阳市恒雅印务有限公司"
"WGB708","厦门飓风货运代理有限公司业务部"
"SHCHUANYAN","上海传焱物流有限公司"
"YANGYANGLIN1588","深圳市声之源电声器材有限公司"
"XINGHUOLIAOYUAN168","星火燎原物流有限公司"
"JIXINTRADE","天津市吉鑫工贸有限公司"
"YEYUTINGHE","济宁鑫达物流中心"
"RAOYANPING","东莞市万江鹏程货运部"
"JIAXINGHUOYUN2011","北京佳兴货运物流中心"
"HUANG8871200","深圳市南山区柏中国际贸易固定器材有限公司"
"FEIQIUQIU66","新邦物流东莞茶山营业部"
"DGHYDWL","深圳市鸿越达货运代理部"
"XFZLSDWL","襄阳市中联速达物流有限公司"
"ZHOGGUANGHUOYUN","刘海（个体）"
"HUOYUN1688","无锡市绅宜运输有限公司  "
"TJLHHY","蓝海宏业（天津）物流有限公司"
"GZZYYX","智雅油轩艺术有限公司"
"MATTO1233","上海脉拓国际物流有限公司"
"LAKESMITH","北京隆泰天海顺货运信息咨询服务有限公司"
"SHUENFA364093744","胜陵吊粒模具厂"
"GU123888","故城县腾隆机械配件有限公司"
"WANGSHAOGUE","湖南省临澧县澧水货运站有限责任公司"
"KSJIALIHUOYUN","昆山佳利货运有限公司"
"XINLI111111","东莞市常平新立塑胶原料经营部"
"LUOYONG1698","深圳市龙岗区平湖合力锋机械设备部"
"JZN56","青岛金中诺物流有限公司"
"WQS1985722","陈雪"
"QL5566","青岛昭阳国际货运代理有限公司销售部"
"LCYXZY","聊城市东昌府区运星纸业批发部"
"DONNAZQWULIU","苏州工业园区中汽物流有限公司"
"PUHUATIANDIWULIU","普华天地物流有限责任公司"
"ZHOUYI0756","珠海市百安物流有限公司广州分公司"
"KEYW851014","国鹏物流有限公司"
"DAREN990","56物流"
"LINDA20100114","东莞市金跃货运代理有限公司"
"JWPDJ","王博（个体经营）"
"HAOXIANG658","东台市昊祥纺织品有限公司"
"ZZGUOLIAN","漳州市国联物流有限公司"
"HUIFENGZH","风格物流公司"
"YLBDESIGN","俞立波"
"SHSHWULIU","上海双鹤货运代理有限公司"
"SZBTR","深圳市柏特瑞电子有限公司"
"LUSHENGSHIYE2011","浙江陆盛实业有限公司"
"JCYS02","嘉兴市景程运输有限公司"
"YUCHENNJL","上海裕晨农家乐专业合作社"
"FANGYUAN0529","ALI-INC"
"CHINAZHONGMA","乐清市中马电气有限公司"
"HZCHANGDA123","杭州东润货运有限公司"
"HAOTONG0769","东莞市长安浩通模具五金经营部"
"LMXFYQ","龙门县雄辉牙签厂"
"SZYHHXC","越航国际物流有限公司 中港事业部"
"CONSIDERLSL","西安卓远物流有限公司"
"OURSHIPMENT","上海仲义国际货物运输代理有限公司"
"BDZHUXIAOQIANG","九运物流"
"HZJYGJ","杭州佳音国际货运代理有限公司"
"SOPHEY88","慧谷工业设计园"
"TANGZHIYI4","深圳市为同行货运代理有限公司"
"JINDAOWULIU","金道物流公司"
"JILIMING2012","生态鸡养殖公司"
"ZFBWU2365086","狮峰货运"
"CHENMINTIE","苍南县龙港德宝无纺布袋加工厂"
"YINYICAI007","佛山市宝柯斯金属制品有限公司"
"LIHUIQIAN2012","深圳市中兆物流有限公司客户部"
"REALMQIU","上海圣东国际物流有限公司"
"TCGL2000","宁波市海曙天星物流有限公司"
"XHGWL2011","广州市新恒广物流有限公司"
"ATFFSG","盐城市安泰高空修建防腐有限公司"
"XIAOMAHUI","曜辉塑胶有限公司"
"XIEMIN992010","谢敏"
"AZHANGWEI1989","广州市天河区沙河亿天服装店"
"CNY80286","济南货运代理公司(个体经营)"
"KEEPSLEEP","山西聚邦物流服务有限公司"
"DHLFYP","福建德化联丰工艺玩具公司"
"GANQIDE2011","广西玉林市永诚畜牧器械商贸有限公司"
"ZS3187056","赵嵩(个体经营)"
"QJHKGS","重庆强劲商贸有限公司"
"JAYSON1688","厦门通洲物流投资有限公司"
"LIJINMEI1981","杭州石大路货运市场西楚货运信息服务部"
"YZSP0579","东阳市白云樱子饰品加工厂"
"ZHONGYUDA1","深圳市中宇达贸易有限公司"
"ZB7726","福州原子速递有限公司"
"BIDLONG2012","深圳市海格物流股份有限公司"
"QHJOB","广州青航货运代理有限公司"
"CMHWL","北京诚明辉物流有限公司"
"WJTAOCI","福建省德化伟杰陶瓷有限公司"
"CALLSFEHZ","杭州朗开电子科技有限公司"
"HENGHUAJD","肇庆市鼎湖区恒华机电设备有限公司"
"LEIYE009","吕银飞"
"SOLIDTIRE","青岛艾芬特工贸有限公司"
"FORRUXUE","无锡华苏电子商务有限公司"
"PHHESHUN","平湖禾顺五金厂"
"WANG051087483866","宜兴市丁蜀镇伟豪货运配载服务部"
"QHFHUOYUN8","深圳市乾海丰国际货运代理有限公司"
"UFFFNXKWO","兰志强（个体经营）"
"ZHANGYONGCHANG2012","江西昌顺物流有限公司广州白云区分公司"
"ZXCVBNMZYY1","广州志源物流有限公司"
"ITSD0574","慈溪市浒山法斯特货物运输代理服务部"
"RAOMINGCAI2011","同鑫物流有限公司"
"YS66612","广州天宇物流货物运输有限公司"
"MTWL5555","深圳市鑫广联合物流有限公司"
"LCW309991000","福州市捷递物流有限公司"
"HOAUTJ03","天地华宇物流有限公司天津武清区分公司"
"TUJIYONG","青岛 网商天下信息技术有限公司"
"XINXIN2458550","金华名邦货运代理有限公司"
"PUYANGWULIU","汕头市普阳货运代理有限公司"
"LUOZHONGFA","天羽"
"SF763547","贵州勇拓物流有限公司"
"IVENXU2010","深圳市首购电子有限公司"
"HANMATAI","韩雁兵"
"TTXLB2011","喜乐宝公司"
"CDYMSFS","武侯区优尚美服饰店"
"BJJXWL","北京市石景山区建材运输"
"TANGYANGMI","广东湛江印刷"
"NIHEN369","吴锐"
"MOREFREE2012","上海思珍生物技术有限公司（马飞销售部）"
"XINWANGWULIU","博罗县石湾镇鑫旺代理货运服务部"
"SANGGG","深圳市三国电子有限公司"
"ALI2797","上海赣荣物流有限公司"
"ZSFB","上海王五幸福实业有限公司"
"JINGXIANXUN","北京波务科技有限公司"
"XASLSW","西安赛灵生物科技有限公司"
"DGCHANGSHUN56","东莞市万江昌顺货运部"
"JNXLTWL","高天鹰（个人会员）"
"TENGYAO1981","杭州美达有限公司"
"SHIJINMI128","洛阳玩具店"
"YYF13379580539","山丹丹枣业"
"MEIHANZZP","珠海市香洲美涵针织品批发商行"
"ZZLBZYP","宁波江北洲之龙包装用品有限公司"
"QDJRWM","张希凤（个体经营）"
"RD12995","长沙县湘龙首选货运站"
"JPNFMJ","汕头金平区环宇货运站"
"HUDONGCAN99","浙江鑫源灯具有限公司"
"B130321654","德邦物流"
"JTBGH88","中特（天津）货运代理有限公司"
"MADAIQING","四川天利和国际货运代理有限公司"
"WM580230","常州市钟楼区五星盛博货运服务部"
"LIU36688","阳东县恒利五金制品有限公司"
"PINJIAWULIU","东莞市品嘉实业投资有限公司"
"DTWEIYE","东台伟业非织造布有限公司"
"LM771314","深圳市神州通物流股份有限公司"
"HUANGYALI2012","广州市天河区沙河丹尼服饰店"
"QIANGQIANG1736","闫强科技有限公司"
"HKWYJJ","武汉宏开包装材料有限公司"
"EXBTRFBT","飞斯特运通股份有限公司"
"HOAUDGM34","广州万隆华江物流运输有限公司东莞上沙分公司"
"CAIMINGBEI","蔡明杯（个人）"
"ZHANGCHUANBO617","广州市禾润物流有限公司（市场部）"
"YIGEMAIL","合肥合纵连横货运有限公司"
"YUZHENGMAMA","中外运空运发展股份有限公司"
"KSHF56","昆山市恒丰快运有限公司"
"SY309918768","广西英吉货运有限公司"
"SXHN6000","山西华诺国际贸易有限公司"
"XIEYINGGUANG2010","广州明珠物流有限公司业务部"
"WANGZHE89","商贸公司（个体经营）"
"QQ3685044","建新物流公司"
"CUIMINRUI","苏州快而捷货运有限公司"
"HKADSFZ","福州安第斯货运代理有限公司"
"HZFQBZ21502","杭州富企纸塑包装有限公司"
"KOBE8698","义乌市宏瑞服饰有限公司"
"JYBY1688","南昌金义笔业有限公司"
"MACROS2011","缪志宏公司"
"BABY45K","南方货运站"
"CSLYQ","常山县长运物流有限公司"
"QINGYUNYIYUAN","个体经营"
"COCOCAN","义乌金驰货运代理有限公司"
"YLZDGYPC","天台县意瑞汽车用品厂"
"LOVEBIAO198726","青岛富润晕锪饔邢薰司"
"GUOSHIHUOYUN","苏州郭氏货运有限公司"
"LISHIWULIU88","上海贵祥物流有限公司"
"KJHG1982","云南省景洪东风农场"
"ABCYANGGUANG2011","中圳物流有限公司"
"JLJY025","江苏金陵交运集团国际物流有限公司"
"NCMH86228890","东莞市南城鸣航货运代理部"
"YYKKELLY","AMY服饰"
"KOKILA01","深圳市景华峰货运代理有限公司珠海分公司"
"FSJZQMY","佛山市金泽强贸易有限公司"
"JINXIN56","江苏省丹阳市金鑫物流公司"
"CENHONGXING","洪兴工艺品公司"
"ZHOUJUNCHEN1990","广州晨阳服装有限公司"
"ZHIYUWULIU","上海紫煜货运代理有限公司"
"HRBYTWL","哈尔滨宇通货物运输有限公司"
"QQ4031382","王兴宇"
"CHARLES235813","上航万航国际物流有限公司"
"PUR1987","力达商贸"
"WZSZFWL","温州市志方物流服务有限公司"
"WHSHINEBEST","武汉鑫贝思特物流有限公司"
"GCHDWL","广昌县恒达物流有限公司"
"ZHUJL95","深圳市华之慧科技有限公司."
"CNJIEGOU","义乌市捷购贸易有限公司"
"JLWL006","广州市健朗物流有限公司"
"SUPERNIU2012","鸿凯国际货运代理有限公司"
"WJBJW","丽韩美淘服饰（个体经营）"
"YHLLOVEDLL","深圳市海陆空国际货运代理有限公司"
"JPR01","中山市港鑫物流有限公司"
"JYZGM","乌海市中蒙润金农业开发有限公司"
"HAOMING899","深圳市尚派物流有限公司"
"SHENGLONGLIWEI","盛隆电气集团有限公司（武汉分公司）"
"YUN17745","义乌市绳云电子商行"
"WULIU009","中山火炬开发区冲港货运代理服务部"
"ADELLEE33","浙江杭州流行服饰有限公司"
"UNITYBROTHER5188","深圳市锦丰信贸易有限公司"
"QUANXINALI","张继波（个体营销）"
"DIHUI56GZ","广州市缔惠物流有限公司"
"WINGS0629","林钟雄(个体经营)"
"INSANEFINDING","无锡众安货运有限公司"
"TJHTTF2008","天津市华泰腾飞钢材贸易有限公司"
"T629001","上海怡盟贸易有限公司"
"DGJUNKAI88","东莞市万江军凯货运代理部"
"YANGZHOUHONGXIANG","扬州市邗江杭集宏跃货物运输信息服务部"
"SXH2017","宁波江北三利物流有限公司"
"GDKUAIDI","广东快的物流有限公司"
"BAMENGTE2011","通城县好又多超市连锁有限公司杭州余杭区仓前镇仓兴街加盟店"
"DYAX56","德阳安迅物流配载中心"
"SSLSHZ","新疆大汗铁骑物流有限公司"
"HYHYWZ","衡阳市恒宜物资贸易有限公司"
"LIDF758","湖南紫网科技有限公司"
"CSFFD","东莞市茶山方方达货运代理服务部"
"HUCOL","刘小良（个体经营）"
"FU00623","上海顶鼎物流有限公司"
"GZCHENGTONG","广州市诚通物流有限公司"
"XIAOYAO1110","郑州高新区计算机信息管理技术有限公司"
"CHAOXIANG02156","上海超翔货运服务有限公司"
"XIONG154598514","苏州传邦物流有限公司"
"BCLTCL","苏州人从众物流运输公司"
"BJAOSENWULIU","北京奥森伟业物流有限公司"
"MHYCW694","仙桃市四新卫生防护用品厂"
"WXTC616","谢克锋 "
"SZYNDZ","东莞市力基机电科技有限公司"
"LJF768899","上海锋申物流有限公司"
"SZZL1688","深圳市尊龙货运代理有限公司"
"WXTONGLI56","定南通利物流有限公司"
"CZSTLYS","常州市升平物流有限公司"
"LUOYUNCAIWULIU","廖海英"
"HEYI56","上海和谊物流有限公司"
"JUNYIWULIU","上海君易物流有限公司"
"SUIZHOULXX","中山市金华莎灯饰厂"
"SDHWL022","深圳市广域通物流有限公司"
"LIULI1019417379","日照日丰物流有限公司"
"TTAA1221","舞钢市寺坡陈芬小商品店"
"EIVISCD","江宁物流无锡有限公司"
"W182066656","西安富达物流有限责任公司"
"WANLIWULIU1","长沙万里物流有限责任公司"
"XIANLONGRAO1818","桐庐风行物流有限公司"
"SGNYQ","郑州市鑫建货运公司"
"XINRUIDAWEIYE","青岛鑫锐达伟业商贸有限公司"
"SENYEHUAMU","沭阳县森业花木园艺中心"
"AAA170930X8","极速轨道商贸有限公司"
"SZTXYWLM","深圳市同心达电子数码有限公司"
"TOMMYSMT","宁波锦天国际货运代理有限公司（国际物流部）"
"YYFJYP","杨玉颖"
"HEJAIBXGYXGS","梅斌"
"ZHANGZONGBIAO","张宗彪"
"SZQSHY","苏州强胜货运有限公司"
"BCVM","无锡市昌发货运配载服务部"
"HANRUYIK","大连领先物流"
"HZHBWL888","杭州恒邦物流有限公司"
"5925117","蓝器智能有限公司"
"CHENJIEBIN1688","珠海市真心意工艺品有限公司"
"HEDA001","宅急送国际事业部广州国际部"
"DGFUCHENGDA","东莞市富成达货物运输代理有限公司"
"SZCYT56","深圳市创运通物流有限公司"
"LMZSH2011","姜堰市绿明珠生化研究所"
"YUWSADZ","羊山宏大蜂业"
"LSLANDPEACE","深圳市百思特物流有限公司"
"HUI126058330","中山市新文化文体用品有限公司"
"LEXINER2011","东莞市舒特斯印刷有限公司"
"SYYHFZVIP","广州盛裕印花实业有限公司"
"FSJT99","淮安丰硕交通设施有限公司"
"HUITIANXIA56","苏州汇天下物流有限公司"
"JAZZDLLOVER","珠海市金鼎睿丰欧美服装行"
"DIFENGGUO","武功县代家锦之绣手织布专业合作社"
"CLDIANDIAN","河南永林贸易有限公司"
"LSHQFOREVER999","廖少卿（个体经营）"
"WFJSJWL","潍坊急速寄运输有限公司"
"ZJSHUNJIEKEJI","浙江舜杰科技有限公司"
"SZNWQJ","深圳市龙岗区南湾旗俊货运部"
"MJR","梅嘉荣（个体）"
"WEILIANHAI2011","柳州市海儿服饰商行"
"JEACKYY","深圳市鑫德威货运代理有限公司"
"LYZ160550","包头市邦达兴货运信息市场汇丰货运信息部"
"LONGFEIKUAIYUN","南京龙飞物流有限公司"
"YUESHUI7766","台州市粤水渔机养殖设备有限公司"
"GZYCTV","广州宇诚科技有限公司"
"WUHUA56","中山市祥源（物华）物流服务有限公司"
"JUCHUANG56","无锡聚创货运代理有限公司"
"HONGYUANWULIU56","广州弘远物流有限公司业务部"
"MINGYUWL","无锡市崇安区诚德货运代理服务部"
"6000168","义乌顺娟服饰有限公司"
"AIMILLY","上海柚莜实业有限公司"
"KSDDZ1688","福安市康仕达电子有限公司"
"AHZHZ","周华征"
"STKJHWL","抚州市快捷好物流有限公司"
"SUNYAN520888","深圳 锦程科技有限公司"
"HUAHUAN022","天津市华环物流有限公司"
"XIEGUANSHUN","佳县满山红红枣有限责任公司"
"NFDQYJC","电白县水东镇宏宇电器元件厂"
"CNSUNY","广州市天河区天平给力广告装饰材料经营部"
"YZY23112618","上海润易物流有限公司"
"ZPHDQB","邹平明集华栋汽保设备厂"
"WANFENG56","苏州万丰物流有限公司"
"ZHUYONGJIE1","深圳市鹏达运货运代理有限公司"
"SHDINGJING","上海楚基物流有限公司"
"SXHAOYUAN","定襄县蒋村建国起重配件门市部"
"HSHG2005","齐云之子国际货运代理有限公司"
"DOUBLE8903","广州市新邦物理服务有限公司中山古镇冈南分公司"
"JIANHAI817","兄弟服饰有限公司"
"LIXING20108","裕鑫数码有限公司"
"DZ5688","杭州大众危险品运输有限公司"
"A459951310","冉光物流"
"LIUXU862171","刘旭（个人）"
"A780760873","山东潍坊元元有限公司"
"CAIHONGYIQI","高密源泉商务中心"
"LONGTENGSTEEL","上海龙腾经贸发展有限公司"
"GZKADWL","刘英超"
"QINGFANGCAP","广州晴舫帽业有限公司"
"XINYUXINGGUANG1","青岛华冈货运代理有限公司"
"MEI20101128","东莞镒邦物流有限公司"
"LINYUMING52088","漳州R帮物流有限公司"
"HAOSEJEAN","中山市大涌镇红方格制衣加工场"
"PAUL7558","广州市诚意手机批发行"
"CORPINIT","个体经营"
"YFB","李四（个人）"
"ABBY65","唐山市派法商贸有限公司"
"ELTON0228","上海瀚高国际货运有限公司"
"LIQ97207263","常州市科银物流有限公司"
"JSFYXY","丹阳市开发区飞耀皮鞋厂"
"XHRDICK","深圳鑫宏润货运代理有限公司"
"PPMART","广州翁玛贸易有限公司"
"HY15851724988","淮安市鸿鹰物流有限公司"
"GANNANWL","恒顺货运有限公司"
"ZHANXIANC","杭州测试"
"YANGXU198837","海德国际快递"
"DGXILI","迪欧服饰有限公司"
"SHANJIE868","苏州好运来贸易发展有限公司"
"BIN4343","温州市鹿城区黄龙牵牵之恋皮鞋厂"
"ZHUOYUEHY","何火平"
"ZHANGHUA2009818","山东阳谷华建阿胶责任有限公司"
"YIGELILA03","九江市萨克斯服饰有限公司"
"LAICONGLIANG","广州中亿物流有限公司"
"LISULIANMENG","长沙新万程物流"
"FELIXFUN","方仕林（个体经营）"
"TBZHENGXUEZHI201","郑学志"
"HGK231","王靖忠"
"JIAN1214","浦江县白马镇祝宅塑料包装厂"
"QIIL001","宁波乔普电器有限公司"
"QQ136908690","纳斯利贸易有限公司"
"SHIJIE88909","韩奎道（个人）"
"HAOMEIYINGSHI","义乌市色亮饰品商行"
"SZRY56","苏州日月货运有限公司"
"OUZHOU56","海门市海门镇鑫辉货运配载服务部"
"XYD568","佛山市顺德区翔宇达物流公司"
"KSWULIU","开封市第二运输总公司昆山分公司"
"ZHIQINGYU","深圳市华亿发灯饰配件有限公司"
"KUNSUAUTO","上海坤塑自动化系统有限公司"
"MYTH2366","邵明宇"
"POPKIDS","胡小聪（个体经营）"
"XFHYYCL","杭州雄发货运有限公司快运部"
"DONGMEI20111014","泰兴冬梅手套厂"
"CHERRYKOKO8","东莞市巧妮儿服饰有限公司"
"WJWQ6","衣品堂服饰"
"LI1978JUN","北京四方达物流有限公司"
"LOVE912326","众泰物流运输公司"
"CHUANGANQIZHIJIA","南京市白下区吾尔乐电子电器经营中心"
"GAN3515","兴达货运公司"
"BAVFHPWXF","吴江市新胡纺织有限公司"
"A1720396039","捷美达国际货运代理有限公司一部"
"SUNDAPOST021","上海强讯物流有限公司"
"HZRG56","冉光物流有限公司"
"CSKINGYOUNG","长沙金邦物流有限公司"
"SHQLILY","杭州单洪奇网络科技有限公司"
"JMLX289","江门联翔货运公司"
"HRT110120130","昊辉|洋贸易有限公司"
"JIAZHONGMING1982","北京良业照明工程有限公司-工程部"
"XINGYI0901","徐明明(个体经营)"
"PJCHENJIAN","陈坚（个体经营）"
"LMXUN168","东莞永宏进出口有限公司"
"RUNTONGDA","青岛鹏捷物流有限公司"
"EVINCEVIP","杭州亚星物流有限公司"
"PIJU18","唐建标(个体经营)"
"AIQINHAI010","义乌市爱琴海服装辅料有限公司"
"CHENJ51461936","陈剑    （个体经营）"
"LUOSIDING82010","柳自强"
"CHUCAISHIPIN","广州市出彩饰品行"
"SZJKINFO","深圳市捷快信息技术有限公司"
"RENMAOQIANG1982","山东省交通物流公共信息平台"
"SHANGHAIZANCHEN","上海赞宸国际物流有限公司"
"DKJPNZ","得凯制衣公司"
"CN3335","深圳市创利电动车有限公司"
"MOGUIQING1980","广州千顶树母婴用品有限公司"
"WXXTWL","崇安区鑫泰货运代理服务部"
"SHWL1588","苏州盛宏货物运输有限公司"
"ZBLANGRUN","山东朗润物流有限公司"
"HQWLFZ","上海汉青物流发展有限公司"
"JIAOSE2009","东莞市常平中材货运代理服务部"
"WQMM5120","深圳市环迅货运代理有限公司深圳分公司"
"JNTYWL","济南市天桥区天鹰物流服务部"
"HAOLIANGWU2012","深圳市义山供应链管理有限公司WjIN部"
"SUNXINGZHE565761222","孙行宾(个体经营)"
"LIYEFEIALBB","宁波志成德邦物流有限公司海曙区启运路分公司"
"DONGHANWL","广州东瀚物流有限公司"
"XCXINGZHENHUA","鄢陵县华欣建材厂"
"LISUFANG0131","武汉市广和丰商贸有限公司"
"WANGHONGSHENG519","福清宏鑫储运有限公司"
"AMWUUPL","东莞市南城天时货运代理部"
"GXZYGJ","黄盛滔"
"WHJYTYQCC","五河县建业体育器材厂"
"W604530369","从前程（个人）"
"NQTTQN","东莞市力捷商贸有限公司"
"7272576","扬州市邗江区杭集利华印刷厂"
"XYBNDZ","深圳市芯宇百年电子科技有限公司"
"ZHANGYU1989090","中山新雨家具安装送货服务公司"
"SINUO262710","苏州思诺思维商贸有限公司"
"YITAIJJ","佛山市顺德区乐从镇屹泰办公家具厂 "
"WEIYUAN5678","魏德高"
"HZGOLDENCOAST","杭州金海岸国际货运代理有限公司"
"LIAOJIHUA888","无锡市万家利货运有限公司"
"MADA18602775768","东莞市万鑫机电有限公司（销售部）"
"HUJIA54","上海越航货运代理有限公司"
"TJJGWL","天津江广物流有限公司"
"HAOYANG15","尚雅工艺饰品公司"
"CZKJWL","常州市坤杰运输服务部"
"NJHUAYUANWULIU","上海花源物流有限公司"
"TB089820","江西安泰物流有限公司"
"QILI2156","广州齐力物流有限公司"
"SHENZHENBAOAN100","深圳飓风物流有限公司"
"FENGWEI1002","江西省贵溪市和福酒坊"
"HYM363535929","上海吉吉物流有限公司"
"QIYANSHICAI","南阳市奇岩天然石材有限公司"
"JSD25835386","深圳市佳速达物流有限公司"
"DGLUJIA2011","东莞市路佳货运部"
"KCLLOGISTICS","广州凯骋物流有限公司"
"CHENJIAN2011817","上海恒丰物流有限公司总部"
"LIUWEWU","刘文武(个体经营)"
"YANGAWEI88","杭州宏顺物流有限公司"
"SHHX","上海昊昕物流有限公司"
"HDZHAOYINGJIE","依若网店(支持支付宝）"
"LEEPIVX","东莞市通耀国际货运代理有限公司"
"LEGENDAOL","北京市昌平区宝源公司"
"L292781231G","连云港鼎鑫国际货运代理有限公司业务部"
"XINJIAWL","鹤山市桃源镇新佳货运代理服务部"
"CHXCH126","凰羽城红木家具厂"
"SHHAIJIAN","上海海健货运代理有限公司"
"SYSYFS","上虞市绎发伞厂"
"CYSHIPPING","华创国际货运代理（上海）有限公司天津分公司"
"WXSBSM","无锡鄂龙工贸有限公司"
"YOMOCO","上海力隆物流"
"DGYSZJC","东光县永盛制镜厂"
"FLIPFLOP2011","魏进乐"
"W1JUN2ABC","武汉丽新装饰材料经销部"
"LOUXUANHENG","楼宝全（个体经营）"
"CQBRWL","重庆邦瑞货运有限公司"
"YNWHAME","深圳市浩华物流有限公司"
"XINGMAWULIUYEWU","苏州市星马物流有限公司承运部"
"WBYRAN","儿童书籍批发零售"
"ZHMIN322","湖北宜化"
"YWAKM","义乌市奥科曼医疗器械有限公司"
"ALI150020121","大卫造型室"
"QDWANGYANG","海程邦达国际物流有限公司"
"SHUOZI999","优酷货物运输代理(上海)有限公司"
"LINGXIAOXIANG973","凌小湘（个体经营)"
"HAPPY79","浙江省物流服务有限公司"
"CHUANGXINBIZHI","北京创新景象经贸有限责任公司"
"XIAOLONGBOYUN","上海笑龙轿车驳运有限公司"
"ZHOUBO3629483","苏州晟邦货运有限公司"
"HUANGHONGPING1688","黄红平（个体经营）"
"KANGOZHU","XXX"
"BEN8584","何威"
"HZFUYOU","杭州福佑货运代理服务有限公司"
"WANGQIN800820","广州市盛日国际货运代理有限公司总部"
"FENGDANLOG","上海枫丹物流有限公司"
"TJLXD2112","天津利兴达货运公司"
"YIWUWUDAOBAGAN","义乌市莲草电子商务商行"
"FANGJIEWULIU518518","常州方杰物流有限公司"
"YFPP1888","苑锋"
"AIXIAOTU","山西勺熊实业有限公司"
"QJL13566363621","宁波九程医药科技有限公司"
"ZPHUANQIU","邹平县冠赢五金交电经营部"
"A516923147","广州翰唐恒贸易有限公司"
"MINGSHUN56","铭顺物流（上海）有限公司"
"SFBZYXH","莒南双丰包装材料有限公司"
"ZHENGHAO9632105","苏州市正浩运输有限公司"
"XBLASER","聊城市东昌府区信邦激光设备有限公司"
"GUJF2010","深圳超运国际货运代理有限公司"
"SU4991","普宁兴盛防静电制品厂"
"WXGHWL","苏州冠航物流有限公司"
"QQ625153340","浙江省航球物流有限公司"
"LENOVOWU2012","九江恒通物流"
"YWLWG2008","义乌市伯顿印花厂"
"JORDANDUNG","东莞一航国际快递有限公司"
"QZBFB","浙江老树根油茶开发股份有限公司"
"DDLOVELSW","江阴市华丰快运有限公司"
"ZHEJIANGF","深圳市立方速国际货运代理有限公司"
"SETVEN3","刘红瑶（个体经营）"
"SZBJWL","深圳市邦君物流有限公司业务部"
"HCWL568","广州市海川物流轿车托运公司"
"KEVINCXL","山东省济南市平阴县金城化工厂"
"TBLEEHOMBESTLOVE","北京东丽佳国际物流有限公司"
"YANKILL2005","山东路达光电科技有限公司"
"YHKANGYA2009","上海翼航快递有限公司"
"MINGYAGLASSES","罗洪亮"
"HEXYWSK18","东莞宝奇隆眼镜制造有限公司"
"PHL88888_DU_CORP","无锡来顺运输有限公司"
"SHD1997","上海恒迪物流有限公司；"
"XINDA201201","海盟快递"
"XIANGXINHZ","杭州翔欣运输有限公司"
"JMANDI","蓬江区安递货运代理 部"
"SUNDAPOST1688","深圳市上大邮通货运代理有限公司"
"SEEKERCHAN8009","昆明昆联货运有限公司"
"PA5688","寿光市收获物流中心"
"KEWEN918","东莞市安隆物流服务有限公司"
"WXSHENGDAWULIU","无锡胜利达物流有限公司"
"WEILONG56","常州市立祥货运公司"
"AAA731021","兰州天目物流有限公司"
"QIU289","苏州瑞达物流有限公司"
"SZJLTOOL","张海方"
"F598784831","陈川飞（个体经营）"
"CNMSBMW","沃尔德物流有限公司"
"HUYU520WJ","温州市鹿城区小福网络代理有限公司"
"ABC198722","强子个体营业"
"STJINHONG","汕头市金泓塑料工艺有限公司"
"NTXHQ","南通新环球物流有限公司总部"
"MORTON2007","北京长顺旺物流有限公司"
"DLYIDA56","大连易达物流有限公司"
"XIAOSUNKAI","阿里 88"
"YANGLIN755","东莞市长安嘉能五金经营部"
"LYUAN333","苏州雅威贸易有限公司"
"PET86","海南mini宠物会所"
"ZHAOHUI201005","赵占辉（个人）"
"DHFH58","北京东辉飞鸿国际速递有限公司"
"HEBSUNNY","沧州市万基管业有限公司"
"CUCKOOEXPRESS","广州布谷鸟国际货运代理有限公司（深圳分公司）"
"LSH19890408","上海友商快递服务有限公司-营销部"
"Y551866881","港中能达物流快递北海分公司"
"DS100301","香港东升国际物流（东莞）有限公司"
"LJW536839779","茂名市茂南区鳌头天尚牛仔贸易部"
"TJJXWL","天津市聚鑫物流有限公司"
"LIUMMAOZOU","山西大同宏运水暖经销部"
"DGHC2011","广州惠昌物流有限公司"
"JANESHEN75","天津迈拓国际货运代理有限公司"
"GANXU1126","鹰通物流（深圳）有限公司―业务部"
"RICHLIZONG","海航天天快递成都高新西区分公司"
"ZI110110","河北景县管业"
"YY15011765","依媚儿(个体经营）"
"XYP5187518","深圳市康义康科技有限公司"
"KATONG668","王建新（外贸童装个体经营）"
"LIULEI1355","武汉广雷运输有限责任公司"
"ANSHIWULIU","深圳市安时物流有限公司"
"ADD56","深圳市安达达货运代理部"
"DGANJIEHY","东莞市顺安货运有限公司"
"LIXIUHUI222","东莞市万盛电脑科技有限公司"
"8880181","天津市振东天宇物流有限公司（总经理部）"
"HUHONG1990","深圳市神州龙物流公司业务部"
"MYFAVER","鲲鹏恒通( 北京)货运代理有限公司"
"ZHANGGUOSHUN8","金阳办公家具厂"
"XUZHIFANG2009","义乌市荣湖电子商务商行"
"HXZSHYB","杭州萧山中商货运部"
"NOKIAX5","陈村明（个体经营）"
"RIAN491042419","芜湖闽粤物流有限公司"
"YONGXIN20110301","永欣五金工艺制品厂"
"DWJ1501312926","牧冠针织有限公司"
"ZXFS168","上海钲兴服饰有限公司"
"LFYP2009","昆山市开发区飞宇劳防用品经营部"
"ENSWELL","世纪前沿教育科技有限公司"
"ABSGPPS","浙江省天台天羽滤网实业公司"
"Y821263926","群英物流有限公司"
"WXGUBIN","无锡米塔尔钢铁贸易有限公司"
"AJDLUFG","东莞市宏雅胶袋有限公司"
"WENJUNEBS","中山伊邦国际货代有限公司"
"KLFAIRY","深圳市鸿达运运输有限公司"
"WXJILIDE","无锡市吉利得运输有限公司"
"KMWANKELONG","昆明万客隆航空服务有限公司"
"ZJEMS2012","浙江省邮政速递物流股份有限公司"
"ANDYJINYILOGISTICS","大连金亿国际物流有限公司"
"AOLJ2008","黄庆兵"
"TJJINRITENGLONG","天津市金日腾龙物流有限公司"
"BEATMELODY","东阳市天助休闲用品有限公司（销售部）"
"HAOCONGCONG1688","洗护用品"
"WANGQINGJUN1986","汪氏旅游中介公司"
"GUOLIAN56","广州国联物流有限公司"
"DYQP1999","广州市金永福汽车配件用品城大洋汽配经营部"
"TLXFWL","铜陵市先锋物流有限责任公司"
"JIWU56","揭阳市兴旺物流有限公司"
"HZHX56","江西广昌宏信汽车物流配送有限公司"
"MADOUFZ","杭州顺泽服装有限公司"
"LIE13628853","余烈（个体经营）"
"SCLIZE2012","李泽"
"XINGDAWULIU2012","江门市江海区鑫达服务部"
"CHENRONGBING2012","陈彬"
"AB572714","胡和舒（个体经营）"
"SLLUY1987","孙孝弟"
"DCJ99","深圳市尚都家具设计有限公司"
"QIHANG1022","苍南县启航工艺厂"
"SZQ3110133","湖州市云巢化工厂"
"SANDY20100421","深圳市宇吹缱硬牧嫌邢薰司"
"OYML1688","梁勇"
"FFANTASY","何剑 （个体经营）"
"HOAU1985","河源市广源货运有限公司"
"HONGHONGHUOHUO888","山东邹平县福康食品有限公司"
"SUMMERCAO123","曹文婷(个体）"
"ZJGJHY","连云港中江国际货运代理有限公司"
"JHQCYZ","洛阳市西工区俊辉全虫养殖场"
"Q185092925","风行贸易有限公司"
"PKDC888","深圳中兆物流有限公司业务部"
"LAIYANG56","山东烟台莱阳物流公司"
"HAIYINGLUOHY","(熙雨)花卉"
"NIUNIU8521","莲诚物流"
"CHUANGSHI68","安能卡车航班（深圳）集运中心"
"JIEXIANLONG","苏州奔腾货运有限公司"
"TOBE2011","广州市华奥货运代理有限公司业务6部"
"D1475","天津铁洋国际物流集团有限公司"
"X413018816","无锡展源物流公司"
"CMM15989998215","佛山市顺德区华盛（通达）货运代理有限公司"
"SXLIANCHUANGWULIU","绍兴海川物流有限公司"
"SBYV0327","常州市常广物流有限公司"
"ZHOU7968","芜湖金龙木业包装有限公司"
"SINUOGONGJU","江苏斯诺工具有限公司"
"CSDEAF","雅麓服饰"
"LFS812","深圳市立方速国际货运代理有限公司"
"FANHAN8","雅仕H快f有限公司"
"AYSHF_DU_CORP","安徽远洋国际货运有限公司上海分公司"
"BJTY200888","上海含香物流有限公司"
"QIAOJUNLEI","临沂辐照中心"
"GUOTENGHUOYUN","苏州国腾国际货运代理有限公司"
"YESPAITING","中山艺晟油画有限公司"
"XIAOXIN20111006","深圳飞翔物流有限公司（飞翔集团分公司）"
"HANGJIA56","广州市航嘉物流有限公司"
"XIAOMINGD08","上海建珥水族景观工程有限公司"
"PANGFUBANG","庞富邦（个体经营）"
"NPPYJD","南皮县鹏宇机电有限公司"
"QURUNHUI6666","苏州宇通物流有限公司"
"LZQ610910","厦门秋辉运输有限公司"
"TIANBIAN51","上饶通泰物流有限公司"
"ZHENGLONGSHANG1688","温州博方贸易有限公司"
"LAJINLONGTSX","杭州临安金龙化工有限公司"
"HANHENG410","邯郸市亨运自行车配件有限公司"
"DEPPON2012WULIU","郑州德邦物流有限公司焦作解放西路分公司"
"MASUGT","麦晓记（个体经营）"
"FZBLQP","福州市晋安区宾力汽配店"
"HONGDA98888","广昌县宏达物流有限公司"
"JIAYUANTONGHUOYUN","黄岛区佳源通货运经纪服务部"
"HK56004","香港|NH物流有限公司"
"LIANGKAI1759","广州市新邦物流服务有限公司成都双流蛟龙港分公司"
"SPEEDFISHERMAN15","西海岸酷派爵士乐团"
"FJSCHSY","福建顺昌嘉油榨油厂"
"JOEBIBY2011","东莞金圆物流有限公司"
"CHINAMENGYING","温州梦莹家居用品有限公司"
"DFSXBS","陕西东唐运输发展有限公司"
"JBZCHINA","福建省德化县苏氏陶瓷有限公司"
"CHYS89","金华尚美化妆品有限公司"
"WEIMING5827","常州中联物流有限公司"
"YIWUKUAIYUN","中铁物流集团义乌分公司"
"MEISHAWEIYU","徐彩智(个人会员)"
"WZACD","温州安昌达科技有限公司"
"ZCZLWL2008","中山市中川佐利物流有限公司"
"FSYB56","佛山市禅城区韵邦货运咨询服务部 "
"SDJBDQGS","山东金变电气有限公司"
"CASAIR8022","深圳诚爵国际货代有限公司"
"HYATTJJ","瑞安市凯悦洁具有限公司"
"LINQW168","资中县林全武副食店"
"BJQYYSD","北京求越运输队"
"TIKI0707","上海徽煌智能科技有限公司"
"SJZTEMA2011","石家庄特玛贸易有限公司"
"GZSANMA","广州市三马货运有限公司"
"SUPERSTRA007","高恩隔音"
"CJHY520","东莞市南城蔡记货运咨询服务部"
"LANGCHUANG88","杭州朗创茶具有限公司"
"BOYAMUYI","东莞市聚雅工艺品有限公司"
"SHUNAN86","深圳市全顺吊装搬运有限公司"
"TJSANHO56","天津山汉物流有限公司"
"BAOGELI8899","海南凯旋科技有限公司"
"AIERSM","深圳市天惠兴科技有限公司"
"ZHANGHAOCHANG123","石家庄昌达物流【温州台州】快运专线"
"ZHANHAN1016","汉考克(上海)贸易有限公司"
"WJX296500","龙泉市君娴竹炭厂"
"LINGDIAN108","卢进标（个体经营）"
"LIUJUNGUO","广东百牌集团"
"SWTDACHENG","烟台爱润经贸有限公司"
"YALONGWULIU","新疆亚龙国际货运代理有限公司"
"SZMY0227","深圳市康宝利电子有限公司"
"W838020867","杭州明运物流有限公司"
"QDWL168","青岛百度国际物流有限公司市场部"
"WENDY677","广州翔辉物流有限公司"
"LIHONG8811","杭州红圣红物流有限公司"
"YUFEIMEN8918","宁波外代新华国际货运有限公司（箱运部）"
"CP860","深圳市海南长坡货运公司"
"SZLCWL","苏州联昌物流有限公司"
"FEISHENGWUJIN","佛山市南海区金沙飞晟金属制品厂"
"PJ362232451","深圳市百佳物流有限公司"
"W85283136","南通优游防护用品有限公司"
"CHINA521BAG","义乌市不凡箱包有限公司"
"GUOSONGALEX","金程空运"
"HNGLWL","湖南国联捷物流公司"
"QIUFEIYUN110","深圳市鸿志发贸易有限公司"
"SHXY5856","上海轩耀物流有限公司"
"MINGYAOTAOCI","景德镇市铭窑陶瓷贸易有限公司"
"HONGSHANSHUALVIN","昌顺物流（无锡）有限公司"
"HAOLIANG530"," 深圳市恒路物流股份有限公司"
"ERCNET","上海安能物流有限公司"
"ZHUJINGYUN201004","广州市豪景货运公司"
"SF505","广西顺丰速运有限公司"
"XU961053158","华泰服装修色"
"BJJXDWL2010","北京佳鑫达货运物流有限公司"
"HEXINOOOOO","hexin"
"MEIYIDO","风舞柳服饰有限公司"
"LAGRZMSB","临安国荣照明设备有限公司"
"XIEYINWEN178","杭州成功运输有限公司"
"DDY8090","东莞市樟木头天峰货运服务部"
"XDEXPRESS","上海迅道国际物流有限公司"
"CHENRU014250","营口昌盛物流有限公司"
"SZFCDXINXU8518","惠州市惠阳区新圩富成达货运公司"
"GANZHUO66","上海赣倬物流有限公司"
"ZOTYE56","南京众泰货运代理有限公司"
"HUAYU85","广州华誉货运代理有限公司"
"GOFINE56","广州凯峰物流有限公司"
"JEARLYGRACE","湛江市弘远货运有限公司"
"QQ511136969","涡流"
"STZYWL","汕头市金平区忠义货运站"
"ZHANGYW168","武侯区新蜀货运信息咨询部"
"CHANGANJIU","西安酒度商贸有限公司"
"NCHZX520","倪朝华（个体经营）"
"BMT1688","上海灏丞信息科技有限公司贵州分公司"
"ABCDSB2012","张朝进（个体经营）"
"RUNQITEA","昆明市盘龙区润其茶叶经营部"
"ZULINSHIYE","长春市正方建筑机械租赁有限公司  "
"HRFH","杭州大牮货运有限公司"
"YFFA","上海大唐物流有限公司"
"FSLIANZHONG56","宜黄县路通货物运输有限公司泉州分公司"
"HERRYZHU","上海英脉物流有限公司"
"GONG21","厦门欣安运物流有限公司"
"CANSHEEN","上海宽欣货运有限公司"
"GJWULIU","苏州市赣昌物流有限公司"
"YINGFEI8888","广州市赢飞货运代理有限公司"
"SZJINDIEWULIU","苏州金碟物流有限公司"
"SGS018","屠宰机械市场部：个体"
"CSJ5168","洪杰集团红杰有限公司"
"DELI158","杭州红圣红物流有限公司(业务部)"
"FANGXIAOLIANG2010","衢州小方货运搬家有限公司"
"ZHOUBAOGUO1111","杭州路畅物流有限公司"
"NOAHARK1688","新疆诺亚舟物流有限公司"
"ZHIXINHY","北京智鑫伟业货运有限公司"
"BRAIN8818","苏州佐尔物流有限公司"
"RUIFENG56SHANGHAI","上海瑞峰物流有限公司储运部"
"YKFEIYANG88","永康市飞洋杯业有限公司"
"SHENGWEINO1","王晟威（个体经营）"
"SJHTLIGHT","沈彬(个体经营)"
"YYX1978","永康市鑫众源工贸有限公司"
"GENIERIKKI","北京大运河货运有限公司"
"GZRC56","广州市容昌物流有限公司"
"HTZTD","东莞凤岗汇通快运有限公司"
"JINGLAIWL","上海景莱物流有限公司业务部"
"JNWL609","广州市金诺物流有限公司"
"TOOTO56","上海昌顺物流运输有限公司"
"YEJUN05","广州新邦物流有限公司黄埔文冲分公司"
"GZ2006LYLG","广州市骏逸物流有限公司"
"NIUBODS","牛叔"
"XIEQISHENG1983","昆山市华宏货运有限公司"
"ZXL20111114","大成软件有限公司"
"HUAZAI5252","上海爱陀实业有限公司"
"DGDHSP","东莞市东红货运有限公司石排分公司"
"Q505136954","新邦物流"
"ALI516120123","诚信装饰建材有限公司"
"GUANGMINGTOOLS","惠安县螺阳光明石材磨具店"
"WANGHONG130732","宇航兄弟国际货运代理"
"YIJIALOGISTICS2012","深圳市一嘉物流有限公司"
"MUYUONE","刘杰"
"YT918723","衣冠楚楚批发网"
"CCGD168","深圳市世纪创彩光电有限公司"
"JIANGYANNI0925","蒋燕妮（个人会员）"
"WWKZM1","中山市沙溪镇高邦制衣厂"
"BINGFENGQR","张秋蕊"
"KDGDZ168","深圳市科鼎谷电子有限公司"
"CXTSERVICE22412","公司名称：B2B-CCBU-诚信通-新签部-新签三区-十三部-三组"
"QIAONAISPORT","乔耐(上海)健身休闲有限公司"
"XMNQ","厦门南侨工贸有限公司"
"TUCHUNXIANG191124","tuchunxiang191124"
"HAO6897174","惠东县平山曼莎鞋店"
"FJS715143066","广东省江门市礼乐进兴塑料色粉行"
"GJY1987612","北京快达国际物流服务有限公司"
"XIAOLILIU2011","苏州迅博信息科技有限公司（客服部）"
"ZENGYANHAI","上海祺周货运代理有限公司"
"YONGHONGHUOYUN","锡山区东北塘永宏货运信息咨询服务部"
"KQRHKX","慷骐瑞包装器材厂"
"CSHEYF","深圳景光物流"
"YQYCJX","乐清市阳晨矿用机械有限公司"
"HUANGLIN344500","上海市明腾汽车运输有限公司"
"MIAOXUEFEI2012","东华液压"
"GUANGZHOUKUAIKAI17","广州快凯国际货运代理有限公司"
"XINJIEDIANZI2011","东莞市塘厦欣捷电子厂"
"TL624691443","tl624691443"
"JINGTONG5656","九通物流"
"SDLIJICHAO","琪Z木梳制造"
"HAIGANGHICITY","海口宝加力电子商务有限公司"
"MYF5685","天地华宇集团"
"CHAO8989","长沙市雨花区湖南高桥大市场新丽峰百货商行"
"CSJ8960878","携程物流有限公司"
"RAYHG2010","东莞市长安赛扬五金电子厂"
"ANDYZSB","上海福鑫运输有限公司"
"SHLEXUAN","上海乐宣国际贸易有限公司"
"XIAOYAN20111110","广州新龙物流公司"
"ZRNSYX520","山西中太钾盐化工有限公司"
"ERICYZHAO","赵梁栋"
"RQCCKG","任丘市长城开关厂"
"ZHANXUENING2012","广州琳海物流有限公司"
"TEL15013386786","广州港通物流有限公司"
"WXFYWL","无锡峰业物流运输有限公司"
"BKPS","上海畅易物流运输代理有限公司"
"YIYIFU910","网络技术有限公司"
"BIAODAYUNTONG","深圳市标达运通国际货运代理有限公司"
"DTOO7LV","诚信通深圳服务部"
"XINYUXIANG2009","南京鑫裕祥电子科技有限公司"
"LIAOTAO20001","永利物流"
"JJH1056759762","上海程辉物流有限公司（业务部）"
"DELISJ","东莞市董氏德力机械有限公司"
"KKKK201204","白凤汉"
"JHWANG88","武义捷顺工具有限公司"
"HAPPYZHENGQUAN","德清县武康郑钱日用品商行"
"CCZY1","yuanjiaman（个体经营）"
"XIU20101117","黄东秀"
"ZHAOWEI5200","重庆奎伸物流有限公司"
"DDX666666","新邦物流有限公司"
"TB13543993798","完美(中国).日用品有限公司"
"WULINJINGMAO","江门市蓬江区武菱服装有限公司"
"XRONG011213","成都有限公司"
"DINGTAIHUOYUN","宁夏平罗县太沙鼎泰货运信息部"
"ZERY028","昆山特宝货物运输有限公司"
"XB7070","上海新邦物流有限公司"
"LFS815","深圳市立方速国际货运代理有限公司"
"ZHUXIAOLIN0429","个体经营 爱尚L"
"CTQB2005","监利永华物流有限责任公司"
"JANEJACK0320","洪家琼(个体经营)"
"ROBINLUOBY","杭州丰盛贸易有限公司"
"BANGWEIWL","bangweiwl"
"HUANHUI520","昆山双得力物流有限公司"
"BSE2009","上海舍弗勒货运代理有限公司-市场部"
"SSWFNXK03022614","林伟强"
"HENKICN999","深圳市(HJ)包装制品有限公司（销售部）"
"WZHSGJW","深圳市五洲海盛进出口国际货运有限公司拓展部"
"GZCSHY","广州市宇联物流有限公司"
"XTDTIQPL","深圳左邦科技有限公司"
"JINGFENG56","河北晶峰物流有限公司"
"SANDE2012","三德医疗器械（南京）有限公司"
"V8886","冯颖嫦"
"HU13783810551","泗宾砭石饰品店"
"SHZJPS2012","上海宇彤物流有限公司"
"GZGBWL","广州广邦物流有限公司"
"PENGDAWL56","温江明森园林"
"DGSL018","东莞市南城升蓝货运代理服务部"
"JIA1350454","上海佳吉快运有限公司舟山分公司"
"BAISHIQUANJT","中山市全际通物流服务有限公司"
"WW21D","ww21d"
"FEICHEUNGHZ","深圳飞翔物流有限公司快递部"
"JHJ13566040892","苏州万隆华宇物流有限公司宁波市鄞州五乡分公司"
"TIANYAMOYI","天涯人服饰有限公司"
"WW12345689HH","江西信广物流有限公司物流部"
"GRGR19325","郭瑞(个体经营)"
"SUNSHINE21FC","动力体育有限公司"
"KINGBEA","莱尔国际有限公司"
"A15901855508","上海骏磊物流有限公司（业务总部）"
"WAIMAOJINCANG","义乌市凯邦货运代理有限公司"
"JFWL2012","深圳市飓风物流有限公司（布吉营业部）"
"NJLWWL56","来旺物流（南京）有限公司"
"MINGXIN56","上海明心物流有限公司"
"DGSDWL","广昌县胜达物流有限公司"
"DUANLIHUA2008","长沙乐购礼品公司"
"CHENJIAN694697576","陈健（个题经营）"
"Q752312361","厦门货运飓风代理有限公司(晋江分公司)"
"LANTAIGONGYI","苍南县兰泰工艺礼品厂"
"WOSHILILILIJUN","李立军"
"YWYINGAISP","义乌市盈爱饰品加工厂"
"CQHTLWH","重庆昊天织造有限公司"
"LVYSEN","lvysen"
"AIFANGSHU2012","鑫元物流有限公司"
"Q743512108","诚盛金"
"LI243060468","高明方方通物流公司"
"TANGKE873521","唐进忠"
"NTBYN","崇川区比翼鸟家用纺织品厂"
"PX1328653964","深圳跃达国际物流"
"ZHIDA561688","合肥致达货运有限公司"
"SZWSWL2009","深圳市信必达物流有限公司"
"ZIWU300","武汉三江华宇物流公司德阳分公司"
"ALI1699201246","上海郑明现代物流有限公司网络物流事业部"
"NLLZZ1214","厦门中桂进出口贸易有限公司"
"QQ863940391","重庆城市之星物流有限公司"
"OU15289807405","雅牙时尚女装店"
"LCCCO002","深圳市路畅国际货运代理有限公司"
"TAOZHANG201111","广州合晟国际物流有限公司国际分部"
"SHPINGZOU","东莞市联州物流有限公司"
"ZHANG1WEN2BIN","zhang1wen2bin"
"WEN3662237","安泰物流无锡分公司"
"WWW664703963","超顺空车配货中心"
"MX56TONG","上海明心物流有限公司（业务部）"
"JATIJJ","德邦物流股份有限公司嘉善县分公司"
"SHENGMEIWULIU","上海圣美物流有限公司。刘乐"
"LIUJUNTAO2012","振翔物流"
"CAIE1324","杭州乐淘库"
"WJLIUNA","昊龙塑胶原料有限公司"
"XXH201110","苏州中联物流有限公司"
"YOUJIA1990","深圳振鑫达物流有限公司"
"GUANGZHOUHEXINWULIU","广州市合鑫物流公司"
"FMATETEST","fmatetest"
"PANGANZHONG","佛山市高明区顾利亚货物代理服务部"
"ZJC2345","zjc2345"
"GLORIA19881211","郭倩"
"MWGYZP","中山市小榄镇永钧工艺制品厂"
"GZJN56","广州市金诺物流有限公司"
"HBYT56","深圳市华邦运通物流有限公司"
"HOUYUN99","济南天马物流有限公司业务部"
"GAOLI773784722","东莞市浙商物流有限公司（深圳分公司）"
"SHJITONGWL","上海冀通物流有限公司"
"CSCO007","榆树市隆鑫运输有限公司"
"HICCUPBOY","新邦物流康桥营业部"
"WUHANWODEBAOBEI","旗瀚国际货运代理有限公司"
"WZTJ1688","温州天久标准件有限公司"
"JINKONGQUE888","付永军（个体经营）"
"A18022178224","a18022178224"
"ALANCHENG01","深圳市海仓物流有限公司"
"HELLOWORLD56","刘少秋"
"SUMJE521","西安运恒汽车运输服务有限公司第三分公司"
"XIA274698107","昊天纺织"
"ORANGE502","陆珏（个体 经营）"
"HUIDALONG168","深圳市惠达隆卫浴建材有限公司"
"WENHAIQUAN2012","文海泉（个体经营）"
"HMLPKN","hmlpkn"
"TINGDONGNI","三寸水丰网店"
"GZQGQ26235018","广州易普包装设备有限公司"
"WULIUTIANXIA","北京宏瑞通物流有限公司"
"XM687193","鑫马物流（深圳）有限公司业务部"
"SHJIACHUN56","上海佳春物流有限公司.."
"TJLANXINYI","天津市河北区蓝新易货运代理服务中心"
"TIANHUIHUOYUN","上海天辉货物运输代理有限公司"
"SAWL1","宁波三安物流有限公司"
"XQKDZYL","xqkdzyl"
"SMWLYXGS","广州神马物流有限公司"
"SZSIYANG008","深圳市思扬标识标牌开发有限公司"
"HZRUIFA11","瑞发物流运输有限公司"
"CHANGJIAN818","济宁市常见物流有限公司"
"OYNT","义乌市腕宝电子商务商行"
"HAOSHENG0522","haosheng0522"
"CHENSHAOYUJINGJING","青岛浩航国际物流有限公司"
"ZRNSYX520891","东红物流有限公司业务部"
"JIEMINLP","平阳县洁敏工艺品有限公司"
"KAGEXIAO","义乌市湘澈贸易商行"
"XINGWENDONG2012","邢文冬"
"J1M1F","哈尔滨北航天鹅航空货运代理有限公司"
"JDYWLCDGS56","jdywlcdgs56"
"BJYMWYJJ","北京市思特伟业家具商贸中心"
"KAISHENGWL","上海熙承物流有限公司"
"ZFBFX2635","永康市凡鼎工贸有限公司"
"TIANSHANFEIYANG","张宝"
"CHANGGUI0813","自理生产有限公司"
"SINOTECHLOG2013","中技物流上海分公司"
"DGNCCSWL","dgnccswl"
"LIU448175177","佛山市高明区方方通物流有限公司"
"JIEFANDZ","东莞市杰帆电子有限公司"
"ZHOUDI68","杭州余杭区径山镇周婕瓷砖销售商店"
"AOYA56","东莞澳亚物流有限公司--业务三部"
"HANK1974129","宁波江东汉铭进出口有限公司"
"HEXIANXUXAD","深圳市兴安达物流有限公司"
"D02162846609","上海华宜物流有限公司"
"NEPZYJ","深圳市大洋物流有限公司"
"LIFUCHAO5","个人实体冲值卡代销店"
"AS1327533484","马仁喜"
"XIAOTANGTANG618","张会会"
"JINKUNDA2012","广州远旭国际贸易有限公司锦坤达国际物流部"
"ADENLYZ","无锡市顺辉物流有限公司"
"A130081681","上海富瑜物流有限公司"
"LXJ5818","李秀娟"
"BEN291138","丰汇国际货运代理有限公司"
"LC18626056589","无锡市来顺运输有限公司"
"QEROQRING","美华永盛国际货运有限公司"
"ZHUZONGQUAN1992","厦门市同安区迅利达电脑维修服务部"
"THOMASCAO1982","广东长运国际货运有限公司深圳分公司大客户部"
"ZZGZYR1001","武汉全向通快运有限公司"
"WANGGUISONG2","德州市腾昊商贸有限公司"
"SZZQGD","深圳中齐光电有限公司"
"AINIGUOBIN","上海振隆物流有限公司业务"
"ZGFZC209","卢立满(个体经营)"
"ZHONGYOUWULIUTIANJIN","zhongyouwuliutianjin"
"LIUJIANMEI20110530","广昌恒丰物流有限公司（杭州办事处）"
"WWKZM3","中山市沙溪镇高邦制衣厂"
"MICHELLE2012ONLY","深圳市永福国际货运代理有限公司"
"GANMENG2007","深圳市先一达物流"
"MICALWEN008","上海易安物流有限公司"
"YULIHUA2011","个体经营"
"PENGCR1","宁都大众物流有限公司"
"CHRISTINA0834","浙江布布小屋服装有限公司"
"HANBANGWU","沧州大伟工具制造有限公司"
"SHJIANHUAI","上海建淮贸易有限公司"
"SHLIUSWJ","shliuswj"
"SH5658","上海华益物流有限公司"
"SHUANGAIJIA","常州双爱家私"
"SZ6661688","深圳市开拓通讯技术有限公司"
"HAN1390181","赣州市章贡区鸿安仓储物流配送中心"
"FU13465143278","威海市昌锦物流有限公司"
"WINTER13627200641","武汉恒发科技有限公司"
"LIJUN2555","靖江市天顺快运有限公司"
"HENANZHAOSHANG","河南绘y手绘有限公司"
"FALANBAO8","深圳市法兰堡货运代理有限公司"
"NMGLCYJYYXGS","内蒙古绿草原酒业有限公司"
"RUAYE","陈维"
"TIANYU19912011","王海涛"
"KYANNDI1988","深圳金士Q国际货运代理有限公司"
"TTJWL87185669","天天佳物流"
"YANGHAI2368","杨海（个体经营）"
"XBLJCH","蓝盾物流有限公司"
"TIANYAMOYI","天涯人服饰有限公司"
"TYXIADAN","tyxiadan"
"PXL627729","幸福的约定627729"
"JIUPENGCHEM","上海九鹏化工有限公司"
"XXLX115","张丽利（个体经营）"
"YUAN111888","华途运输有限公司"
"YUDAHUOYUN","江门市新会区会城豫达货运部"
"YUNSHU02136387309","上海亿泉物流有限公司上海分公司"
"YCSCS2006","盐城市昌盛物流有限公司"
"SZJTY56","深圳市嘉通源物流有限公司"
"CHINADACHAO","南京冉光物流有限公司"
"JISHAOSHENG","香港信H物流有限公司"
"BINGQINGYUEYE","常州市德胜物流有限公司"
"QIYANGWL","上海旗扬物流有限公司"
"W88290285","深圳市邦捷国际物流有限公司-业务部"
"KELUZI12345","keluzi12345"
"Z15851421036","苏州致信通运输有限公司"
"XUYONG615978994","下一秒；秒财富"
"C390143670","阳阳打火机制造有限公司"
"SONGGANG888","速德I股份有限公司"
"XINMATONGYUN2011","江西省鑫马通运物流有限公司业务部"
"HJM851225","黄建敏创业公司"
"LUOZHIQIANG584806116","上海雄坤物流业务部有限公司"
"LIYIDAHUOYUN","泉州市立达货运服务有限公司"
"WUWENSHUANG","东莞市旭博物流有限公司"
"TMCJX","江西工量刃具有限公司"
"BUBUSHAOYING","大众集团商鼎物流"
"DYNY5678","山东青岛胶州市邓研农业新作物开发中心"
"ALIYEYEBOBO","实名国（个体经营）"
"LISHUBING062","浩通国际货运代理有限公司深圳机场营业部"
"DGXINDA56","东莞鑫达货运有限公司"
"WANG3477WW","义乌市华皓国际货运有限公司"
"ROBIN171717","东莞巨N贸易代理有限公司"
"HULIANYIDF","深圳互联易电子科技有限公司"
"GAOLIJUN789","gaolijun789"
"A526276869","香港快件进口公司"
"TIEBISHAN","tiebishan"
"YWQIDIAN","应志滨"
"WES13288888290","远望数码城"
"B2BWHF","王海峰(个体经营)"
"YAMIBOKE","亚米"
"LYXRQS","信阳市上天梯建伟矿业保温建材厂"
"A364868063","惠昌物流有限公司"
"WZWUDAN","000000只能够"
"LUOYIMING11","无锡市安信物流有限公司【市场调研部】"
"DLDONGYU","大连东宇时装有限公司"
"ZHONGMEI55","山东中煤工矿有限公司科技分公司"
"FANGYUANANHUI","fangyuananhui"
"WJIARUN","深圳市鸿运来国际物流有限公司"
"PENGJI888","深圳市鹏基物流有限公司"
"GZHAISHENG","广州市海生贸易物流有限公司"
"DGJTY56","深圳市嘉通源物流有限公司"
"HUATONGWU2012","青县华通物流中心"
"WJCHYYX","广州市东扬物流有限公司"
"XYJQHY","信阳金桥矿产货运信息公司"
"TJ2889","东莞市天骄物流公司"
"HANGZHOU888168","杭州翔宇物流有限公司"
"SHENGYUHUYU","东莞市桥头鑫宇货运代理服务部"
"MYLOVE20111016","味立方食品"
"HOMETONE","厦门市宅急通物流有限公司"
"MAYJIANG2828","蒋静静"
"TIANHENGWULIU001","tianhengwuliu001"
"LIGUA13870402588","苏州市正浩运输有限公司"
"MUQIANFUSHI88","汕头市慕倩服饰有限公司"
"A4431384","东莞市捷邦物流代理有限公司"
"SHYUDAWULIU","上海跃达物流有限公司"
"ZHIXININT","义乌市智信进出口有限公司"
"LIGE00000","上海博威物流有限公司"
"CHANGXIE668","东莞市南城长协电子制品厂"
"XIAO191971075","金龙货运有限公司"
"HLWJSPPJ","东莞市长安华林五金饰品配件经营部"
"LINLIQIN1104","创意电机震动环厂"
"FZFM1011","闽侯县屋语家具有限公司"
"CHXIANJIAN","苍南县吉升工艺厂"
"SHI1262108908","东莞市东方物流有限公司"
"ZHANG18616591731","上海风闽物流有限公司"
"SNCSHIPPING","广州市海朋国际货运代理有限公司"
"YXLZBW","义乌市叶公司"
"GZSYNBEN","广州先品农业有限公司"
"ZFBMUYUONE","阿刘物流有限公司"
"YWXONLY","上海益嘉物流"
"YONGHONGHUOYUN888","江苏功力机械有限公司"
"CAIRUIXIANG","上海i驿君物流公司"
"YF970836202","珠海市铁龙货运代办"
"JSGUCHUNLIN","宁波市鄞州磊源不锈钢有限公司"
"JINHANGZM","上海锦航照明电器有限公司"
"LIUYH298","广州市同鑫物流运输有限责任公司"
"NTABLJF","陈黎霞（个体经营）"
"LF563748","深圳银捷速递有限公司"
"Z3630213","华程物流有限公司"
"LIXIAOBIAO236400","中国安徽顺时针速递有限责任公司"
"ZBCGM0707","淄博西琪玛贸易有限公司"
"LHK1688LHK","李鸿坤"
"ZHOUTAN37","无锡三德利运输有限公司"
"ANDYSUN88","深圳市永通达国际货运代理有限公司"
"TIANXING20120408","东莞天行国际货运代理清溪分公司"
"YANYUNYING2012","佰特励有限公司"
"XW201105","凌晓军"
"YIJIALOGISTICS201203","深圳市一嘉物流有限公司横岗营业部"
"ZXM0576","天台县煌明贸易有限公司"
"LINYANG2006","天津市林洋物流有限公司linyang"
"XIAOFENG20110413","安徽（个体经营）"
"GTFGHGHCH","广州市海川物流有限公司"
"CAIE1324","杭州乐淘库"
"WFWULIU0","广州市快鑫物流有限公司"
"KINGSLEY0521","广州市顺鸿货运代理有限公司（业务部）"
"HUI884","上海会心电子有限公司"
"BEIWEI7710","北京京澍炜业科技有限公司"
"RUIXIANG558","安徽迎客松磁性软纱门有限公司"
"ALI836620124","佳美诗内衣有限公司"
"RQYSB","任丘市一胜百刀具厂"
"GZTLWL1688","广州市天路物流有限公司"
"MORFAST56","南京宅配通货运代理有限公司"
"JINGYANGTONG","北京景洋通物流有限公司 "
"WLKY45011262010","枝江市程天物流有限公司"
"FZXSK","上海显哲物流有限公司"
"XHDYT","祥和大樱桃"
"XIAOZHUZHULL","龙翔物流"
"SMGWGY","史明果（个人）"
"SHISHANGYIFAN","义乌市奇贸电子商务商行"
"A422752109","澳兰斯水处理设备有限公司"
"SUV10086","周强"
"ZCZLWL","中川佐利物流(中山)有限公司"
"WULIANG0613","何冬（个体经营）"
"ZFB82626444","深圳宝山物流有限公司"
"RAOJIANBIN2010","厦门闽晨物流有限公司"
"LIAOPINGWU","上海东忠冷藏物流有限公司（广州分公司）"
"CHINAXCJ","余姚市新创锦塑胶原料有限公司"
"LJX68052281","无为县金瑞货运经纪有限公司"
"YE2606","香港柏诗时装制衣公司"
"ZFBTANGYAWEI","唐雅伟"
"JXYIGUANFU","鑫腾辉货运代理有限公司"
"SHHK2011","上海华魁物流有限公司"
"WANG904715426","东莞市路佳货物运输有限公司"
"ZOOFAR","上海珠发物流有限公司"
"ZHOUSHIBIN88","广州爱璐娜服装有限公司"
"HONGSHUN201110","宏顺物流泉州分有限公司"
"MILOOMA","苏州美特润贸易有限公司"
"CNFSSDLT","龙泰线材包装有限公司"
"HFHXIANLAN","昆山火凤凰线缆有限公司"
"NIUBO56","niubo56"
"YANGBIN5258","徐州市润阳塑料有限公司"
"LQC1688WULIU","永N物流责任有限公司"
"SJ13915024100","常州市顺捷物流"
"GYJ0217","苏州迅博科技信息有限公司"
"HIQI56","北京海琦物流有限公司"
"HIANEN","北京富乐士纳米涂料有限公司"
"Q3847889","q3847889"
"YIZHANWL","上海益展物流有限公司"
"HENGXISHIYE","上海恒曦实业有限公司"
"TSLOGISTICS","上海龙道途物流有限公司"
"LINGLONGWULIU520","梁树"
"SZJIAYU56","上海佳宇物流有限公司深圳分公司"
"SZWANLI","深圳市万利实业有限公司"
"HCCAMAT2011","广州宏昌胶粘带厂"
"LYSYJXY","何元亭"
"YANGQUANLILEI","佳怡物流阳泉连锁店"
"WANJINGUOJI","上海万锦国际物流有限公司"
"HONGLIKANG888","湖州织里亿康服饰有限公司"
"SHHAORANWL","上海昊然物流有限公司"
"AB880116","苏州吾艾妮婚纱礼服有限公司"
"DXINGWL","广州东莞鼎兴物流有限公司"
"CAIGUOCAILONG","全际通中山坦洲营业部"
"LBEXWH","武汉龙邦物流有限公司"
"ZHANSHUJIANG","北京鑫盛达货运有限公司"
"XIFENG8060","深圳市友联物流有限公司"
"WEIHONGMING158","苏州市兴泰运输有限公司"
"A472160691","华意铸造有限公司"
"DOUMENNENGDA","珠海是斗门区港中能达快递"
"GZJL004","广州市健朗物流有限公司"
"XIELIPING40","东莞路佳运输有限公司"
"DGYUNTONG168","东莞市常平天天运通货运代理服务部"
"QINLONG168","陕西秦龙物流有限公司"
"TENGTONGWULIU","上海腾通物流有限公司"
"PCZZD","深圳市众志达贸易商行"
"HAIMENG839884891","haimeng839884891"
"QDPHOENIX","qdphoenix"
"ANHUILIUSHULI","常州市安利货运运输有限公司"
"YT18702322922","重庆迅捷同城快运"
"SHSISONG56","上海思颂物流有限公司"
"YWWANGHAN","义乌市汪韩电子商务商行"
"DAILY36","深圳市天海鸿运国际物流有限公司"
"ZHU15893029323","zhu15893029323"
"F13717976318","北京百信物流有限公司"
"BSLDH","上海正红物流有限公司"
"CWHJD","东莞市华星包装材料制品厂"
"DHY348653570","华丰物流公司"
"XBWLZZ","新邦物流"
"L888VIP","佛山隆昌物流有限公司"
"WANGZHIHUI1219","浙江汇联物流有限公司"
"FENGHUANGTENG","天天空运代理"
"DADA199","钱俊(个人会员)"
"CSHEFENGWL","长沙和丰物流有限责任公司"
"WEISHUENWULIU","微顺物流有限公司"
"IM1861","江西建林建材经销部"
"ZFB9101","吴健"
"SDS3364","东莞市清溪岁丰机械加工店"
"TIANYAMOYI","天涯人服饰有限公司"
"JMZLIGHT1688","广州明浩电子科技有限公司"
"FJSW110","武夷山特产经销公司"
"ZYH13835420585","张云辉（个体经营）"
"SRJTB2009","石瑞君（个体经营）"
"XSYSILICONE","厦门汉升工贸有限公司"
"L13961781877","无锡优骐货运有限公司"
"SALLYGIRL01","保定市大坡货运有限公司"
"SSX520LX","景光物流龙华营业部"
"DAYWIN88","广州市德运物流服务有限公司"
"GUANWEN123","刘冠（个人会员）"
"WZSBD1688","合肥天彩鼠标垫有限公司"
"GJ759072263","土桥新源货站"
"EASY18BUYI","杨佳英(个体经营)"
"BBB833","沈勇"
"KEVINBEIJING2012","北欧亚太（北京）国际货运代理有限公司"
"SZYRL888","深圳市福田区中电信息时代广场雅而亮商行"
"YEWUCHINA2010","许学良"
"KSJLHY","昆山佳利货运有限公司1"
"WL13880833651","成都成冠物流有限公司"
"ZJCNCHINA","深圳市中技物流有限公司"
"WILLIAMSMILE","杭州维美服饰商行"
"HAN83629625","杂货店"
"CUISHN","北京中铁快运有限公司海淀分公司"
"VIPDINGWEI","刘定伟  （个体经营）"
"SOUTHHALO","southhalo"
"WJCHSUCCEED","汪进川"
"YNDYKD","yndykd"
"GDN665","gdn665"
"HAICHONG11","烟台永胜食品"
"DAN214DAN","点点滴滴的铺子"
"NJHYD56","南京华运达物流有限公司"
"JIQIUWEI123","路安物流（东莞）有限公司"
"MAOXING56","上海茂兴物流有限公司"
"ALI9558201242","ali9558201242"
"HUIYAE","上海惠亚货运代理有限公司"
"YUANCHENGREN2012","天津远成物流快运有限公司+北辰分公司"
"YUXIANGYUNSHU","北京羽翔货物运输有限责任公司"
"JIANGNB2","桂林市盈和物流有限公司"
"QDST56","青岛速通物流有限公司"
"ZHOUDANDAN0818","惠通国际货运代理有限公司1"
"YIYANJUAN","上海广鑫货物运输有限公司"
"LH13884683891","德州市德城区百合办公文具商行"
"LUDEXIAO2009","卢德孝(个体经营)"
"CCQ2009XLWL","广州市新龙货物运输有限公司"
"QQ78100785","石碑山公司"
"A1846357262","a1846357262"
"CHAOXINSJYZ","丹江口市丹赵路潮信山鸡养殖场"
"SHAODAN5538","东启航进出口物流公司业务"
"Q657849477","上海经发物流有限公司"
"NBJIXIN56","宁波市吉新物流有限公司"
"LIUBIN6118","精益物流（东莞）公司"
"LIWEI237499909","凯达货运有限公司"
"LENGYUYE88888","兴鑫物流（吴江）有限公司"
"SHWXWL2012","上海维星物流有限公司"
"SHCHENGCHENG168","上海成成物流有限公司"
"FORTUNELOGISTIC","大连富程国际物流有限公司"
"MENGZHONGMENGQUAN","李怀环（个体经营）"
"QQ605904088","苏州翔胜运输有限公司"
"FMKY2012","广东潮州非马货运有限公司"
"SXSRD56","陕西圣融达物流有限责任公司"
"HOAUNGB22","苏州万隆华宇物流有限公司余姚丈亭分公司"
"TCYUNDA","上海韵达快递（桐城）公司"
"ZENGSONGHUI88","国扬国际物流代理有限公司"
"RUANCYS","靓茶商行"
"BJBSDXH","余亚光"
"ZHANGXIAOLAN201202","深圳市鑫飞鸿快递有限公司福永分公司"
"JDCHONGER2012","王文婕"
"SHHFXLUBINGGAN","上海丰贤五金机电有限公司"
"ALI03952012420","饶秋鸿  （个体经营）"
"WANLIWULIU1986","万里物流中心"
"XUYANGSHENGWU","济源旭阳生物科技有限公司"
"GZHF13726811938","广州市恒峰货运信息中心"
"SHSIYU56","上海市思域物流有限公司"
"HGJ123689","原飞航物流宁波分公司"
"YUEFA56","浦江县粤发物流有限公司"
"HUQIANGHUOYUN","上海沪强运输代理有限公司"
"LNHZWL","辽宁和众国际物流有限公司"
"GAOJIE0529","厦门杭铭城进出口贸易有限公司"
"YANXIN07","yanxin07"
"WXLTHY88","崇安区蓝天货运代理服务部"
"LUYANZHE2010","河北昊捷物流有限责任公司"
"TDXWLHZ","杭州通达信物流有限公司"
"TIANDIHUAYUNB","苏州万隆华宇物流有限公司-宁波分公司"
"LIULIYIN2009","刘家商户（个体经营）"
"MINGXIN1HE","广州市航嘉物流有限公司业务"
"LIFENGS2011","东莞骏东物流"
"ZHIANGJU","鹰潭市金鹰物流有限公司"
"LIGOOGLE","东莞市好帮手撑伞架厂"
"CXHY88","慈溪市硕耐电子设备厂"
"HAOHAOQIN2012","东莞市乐佳电子商务有限公司"
"HMDSZGS","余姚市罗江塑料制品有限公司"
"BLISSWIG","许昌布利斯发制品有限公司  "
"FM1860","广东海丰蜜蜂茶庄"
"YY42","丰强鞋业有限公司"
"GZZHUOHUIWUJIN","广州市天河区东圃卓辉五金商行"
"NH3799","牛红(个体经营)"
"WINHAP1","winhap1"
"KAREN201204","宁波明硕国际货运代理有限公司"
"KELLY999119","霆鹏物流"
"K1490432704","k1490432704"
"SHWXJ11111","王伟"
"JFL901108","深圳恒峰物流"
"SHXIAOFU","上海市杨浦区晓富非机动车修理行"
"NCYLAN","南昌优利安贸易有限公司"
"YF842003","济南东盛塑料制品有限公司"
"LFBC56","廊坊宝驰物流有限公司"
"ALIDA2010","捷利信中港物流"
"ZHH247615551","深圳祥麟国际货运代理有限公司"
"ZHENCHAO119","东莞市樟木头振超消防器材店"
"YANGLINGTOY","天地华宇物流 陕西兴平分公司"
"A275653706","开平市亿川物流有限公司（东莞分公司）"
"ONICEZENG","深圳森华物流公司"
"HZJUNHUI88","惠州市佳骏物流有限公司"
"CNBUN","温州谷旺工艺品有限公司"
"DIKESHANGMAO","陈悦丹（个体经营）"
"XBGFF123456","新邦物流苏州相城分公司"
"ALI97072012426","ali97072012426"
"PIPISHUANG","深圳商动力科技有限公司"
"ZHANGHAN20120408","微顺物流"
"GDKEAN","何氏企业集团"
"SZHP56","深圳市升平物流有限公司"
"CHENJINLIAN2","昆山国玉汽车运输有限公司"
"MM364647497","王瑞敏"
"WFYANMINGER","寿光三茗防水材料"
"FALANB","深圳市法兰堡货运代理有限公司"
"DATOUWULIU","上海晟博物流有限公司"
"YUBEI511","上海余贝投资管理有限公司"
"DXTXTB","上海礼运货物运输代理有限公司"
"MSF699","北京五洲货运服务有限公司"
"WFNHKHNU1986","蒋伟忠(个体经营)"
"REN057230","轩仁电子网络有限公司"
"LKY941800","lky941800"
"ZQLYHM","江苏步晴园林苗木场"
"ZL2857863","zl2857863"
"LWQ958359277","石城县金信物流有限公司"
"YAODEQIAN123456","易于贸易物流公司"
"CTG3061","ctg3061"
"SUCC77","广州安珩物流服务有限公司"
"HUANGZHENGWULIU","上海黄正物流有限公司"
"JASONDJR2012","jasondjr2012"
"CSZK1688","常熟市中凯仪表有限公司"
"XIONGWEIXB","义乌市舜时日用品厂"
"SUODAOTRAINING","索导教育有限公司"
"WHYBAD","香港联运物流集团有限公司."
"CHINAKYS","东莞市科阳节能设备科技有限公司"
"ZXC15202003110","法国爱尔生物科技（香港）控股有限公司     广州家安化妆品有限公司"
"XUEGUANG1982","济宁鲁星五金制品有限公司"
"ZXF20110118","成都天凯亚服饰有限公司"
"JINFA0755","深圳市锦发货运代理有限公司"
"YUQUNWEI200","无锡市惠山区长安俞小威门窗加工部"
"LIYANGBOSS","河北嘉诚公司"
"YW36","义乌市喜多多电子商务有限公司"
"HLWL688","兴化市华磊物流有限公司"
"LUOSHITAI20110223","深圳鸿润达国际货运代理有限公司"
"JBSLAOZHANG","北京京柏顺德物流有限公司航空货运分公司"
"CUILIANG11966","深圳欣欣物流有限公司（龙华总部）"
"SZYXWJ2010","深圳市龙翔货运有限公司"
"HNZENGSONGMING","北京快易通物流有公司"
"SHSHRUI","上海攀升物流有限公司"
"CHENHAIYING0576","台州市英杰塑业有限公司"
"SZSBYHY","苏州奔腾运输有限公司"
"ZFBAHONEYZHU","朱丹"
"SUNLIN56","张家港市阿里巴巴货运有限公司"
"JACKLI75","广东好帮手电子科技股份有限公司"
"SUNHUANG111","昆特"
"TJGHL17908","保定德广物流"
"3YEH","李周义"
"FLY198899","南昌市华特化工有限公司"
"S15081898880","晋州顺达配货中心"
"MAOBAO1314","武汉诺必达物流有限公司"
"LONG20120426","营口博阳物流"
"CHENKAILOVE2008","陈凯(个体经营)"
"XMCSDGJ8","厦门创世达国际货运代理"
"SHQIYIBZCL","上海企益包装材料有限公司"
"YJYJFCU","华递运通代理公司"
"YWJ15220226420","闫伟结"
"TZ05236924759","泰州市宏泰电力设备有限公司"
"CNBING","上海百银线缆有限公司"
"SDXY1981","山东省临沂市鑫源玻璃销售加工中心"
"XINHAI0313","新邦物流服务有限公司"
"LAOOLDHUNTER","嘎拉哈长白山特产商行"
"EXPRESSSTAR1998","广东航星国际物流有限公司"
"DGXUHAN","东莞市长安旭瀚五金制品厂"
"NIUPENGFEI2010","牛鹏飞（个人）"
"KJYWL2011","深圳龙岗快捷运货运服务部业务部"
"YUFEI800813287","广州市白云区太和中和货运市场鑫鸿运货运部"
"JISHENGHUOYUN","哈尔滨市南岗区吉盛货运公司"
"XIAOLLIU","深圳腾飞装饰有限公司"
"XXYQC","蒋肖肖"
"SHAO153087172","锦程国际物流在线服务有限公司"
"YISHENGBUHUI","yishengbuhui"
"WJ362532","恒丰物流"
"A18603305313","邯郸市四合货物代理运输公司"
"WVQWFNMQJ","莱阳黄埠寨板栗食品有限责任公司"
"FENG883160","feng883160"
"TS592926262","蓝钻网络软件开发有限公司"
"SYGSXYQC","上虞市丰惠镇谢桥国帅影像器材厂"
"WEIYUJIN198794","陕西梦幻花艺批发加盟中心"
"WU1990FANG","无锡宏昌货运配载服务部"
"XINJIUFANGWULIU","鑫九方物流有限公司"
"ZFBHUANGQIYOUZH","卢兆强"
"BJBOWANGTONGDA","北京博望通达物流有限公司"
"BJQIANYIWULIU","北京市千亿物流有限公司"
"MZY56","北京通达九州物流有限公司"
"BOLIWAIMIANDESHIJIE","盖春艳"
"LIU13179606580","liu13179606580"
"SZGLORRY","深圳市阁洛威科技有限公司"
"XIAOLONGXIA2015","大连环东物流有限公司"
"SLIMSD","康福照"
"DENGRGLBEX","dengrglbex"
"HONGDIKEJI","汕头市宏迪电子科技有限公司"
"ZHAOCHUANDONG1987","德邦物流上虞汽车西站营业部"
"YY61809542","中山物流超越有限公司"
"XIAOOFENG","四川立新物流发展有限公司"
"SAMLEEYUN","深圳市港丰货运代理有限公司"
"REALA2010","百合刀具有限公司"
"CXSLGYP","曹县古营集镇松林工艺品厂"
"CHENGHAI399555888","深圳盛和物流公司"
"HANWANGHUI","广州水运货代有限公司"
"QDGJ168","东莞市长安风行利气动工具经营部"
"CSDCGJ","苏州德迅达国际货运代理有限公司"
"NJGZWL","南京华舜物流有限公司"
"SHJIAHAOWULIU","上海嘉好物流有限公司"
"FEIFEIQICHEYONGPIN","合肥庐阳区飞飞汽车装饰经营部"
"L1073003865","河间市凌非四通物流有限公司"
"ZP81745926","阿里（中国）网络技术有限公司（上海渠道）"
"KAIAOWULIU","西安凯奥物流有限责任公司"
"WZHSDYY","温州市庆辉液压有限公司"
"CZXSH1688","王辉"
"SUXIANGRONGVIP","苏祥荣（个体）"
"HEIBAO1282010","王松江"
"RONGKANGTMALL","山东康泰实业有限公司"
"ATTHXL512","深圳市爱替替国际货运代理有限公司"
"ZHONGMEIJX19","济宁市中煤工矿机械厂销售二部"
"CPWULIU","深圳市长坡通达物流有限公司"
"GZLUJIE","广州路捷物流有限公司"
"HUANGWEICHUJU2013","黄伟厨具有限公司"
"MOMVING","阿里 巴巴(中国）网络技术有限公司"
"DGXF40703","东莞市凤岗祥丰电话弹弓线加工厂"
"GUOSHUIYONG2008","广州洪门物流有限公司"
"LANSEIZE","黄体君（个体经营）"
"DAIMUYU","创新精品百货"
"DENGYUANFANG1688","深圳展宏物流有限公司"
"AA464096894","广州市友邦快运欧东物流公司"
"LS7778882010","哈尔滨邮利礼品公司"
"A1989122","a1989122"
"CF22122","cf22122"
"HSBLXW","嘉善县华生玻璃纤维厂"
"SHDAMAICHANG","上海企杰实业有限公司"
"WDH19890730","常熟市恒丰货物运输有限公司"
"QLLSYH2011","深圳市谦祥货运代理有限公司宝安营业部"
"BIBO555","丹阳市碧波眼镜工作室"
"GONGYONGZHENG","上海日盛物流有限公司"
"QQ248917481","温岭市漂亮左右鞋业"
"SMT8088","深圳市亿尔自动化设备有限公司"
"DGLUCKY888","东莞市长安豪运五金制品厂"
"ZHANGXU19901115","镇江亚西物流"
"SDYCXXJ","佛山市顺德区永宸节能环保设备制造有限公司销售部"
"NIEPINGFU2008","深圳八方胶袋包装有限公司"
"SYS221442751","深圳市企邦货运代理有限公司"
"SFI625980328","红标商行"
"XUFEI232300","东红物流"
"QQ1533758858","豪速通国际货运代理有限公司江门分公司"
"MAOYAZHOU2011","江苏坤轮物流有限公司苏州市场部"
"ANESHANTOU","汕头安能集运中心公司"
"YAZHE8408","王（个人）"
"HCYQ451252","张义昆（个体经营）"
"FSWXTWL","广州万线通物流佛山金沙营业部"
"SHUNSHENG168","上海顺盛物流有限公司"
"ZHX13317945648","深圳市凯峰通达物流有限公司"
"FWTK112233","张翠"
"HEBXEFS","哈尔滨熙儿服装销售行"
"ZTQS88","广东英德市正太园林景观工程公司"
"XUANYILIAO","广州赛诺国际物流有限公司广州分公司"
"TCWL3998855","六安市天成物流有限公司"
"WOJIAOWGY614","wojiaowgy614"
"HUILI28752006","深圳市惠利物流有限公司"
"XCS87454089","成都源启物流有限公司"
"GODYPMGODYPM","广州鸿吉物流运输有限责任公司"
"XIAOYUDI90106","双菱（个体经营）"
"WZQWBZZP","温州市瓯海梧田琪玮塑料制品厂"
"XUNLIDA56","天津市迅立达物流有限公司"
"PY039","联海物流有限公司"
"MO137882725","安珩物流公司"
"CINDY635845922","成都羽翔国际货运代理有限公司-业务部"
"ZONGFANWULIU","上海纵帆物流有限公司"
"LINGFEI201204","厦门任达物流有限公司"
"YUN3319518","yun3319518"
"WONDER17","深圳市日邦电子科技有限公司"
"SZJCTG","深圳市精城鑫模具配件有限公司"
"XIAOYA1023","广丰县顺丰物流有限公司（上海）分公司"
"LILEILCJ","莱州市邮政速递物流有限公司"
"SDRB56","山东润邦国际物流有限公司"
"SHHUIQUN56","上海惠群物流有限公司"
"QWERTYUIOP704","无锡市天荣货运信息咨询服务部"
"ZHONGSHENGYUAN20008","浙江雪之美餐饮设备有限公司"
"BHWULIU2012","上海百惠物流洞泾分公司"
"XINLEIJIAYUN","北京鑫磊佳运物流有限公司"
"ICHAOYUE","深圳市鹏博软件技术有限公司"
"CSFDTT","恒峰国际货运代理有限公司"
"PASS201204","洲洲洲"
"XIANXIAOLONGWULIU","xianxiaolongwuliu"
"TYGGCQW","李雪宾"
"XUANYIGUAN","广州贵伦美服饰有限公司"
"INLANDLOGISTICS","重庆英伦物流有限公司"
"YANGDONG414","其实个性牛仔专卖店（个体经营）"
"WMHING","深圳华昌国际物流有限公司"
"SZ1H56","深圳市一行物流有限公司"
"WAN2554059","天地华宇物流射阳分公司"
"LLZHONGZAO","临县绿源滩枣经营基地"
"Q379450869","昭通市农场养殖有限公司"
"WINDYYANGYING","Ali-inc"
"MPF13191130669","金地园3单元502"
"XSLSC","奎屯喜上来商店"
"HEYAN576033","邓鹤艳个体经营"
"WCQ851","魏（个人）"
"ANNENG68","东莞市安能物流有限公司"
"FEIFEIQICHEYONGPIN","合肥庐阳区飞飞汽车装饰经营部"
"LIAOXINENG","苍南县欣印标签厂"
"HONGRI20122012","hongri20122012"
"HBH193","扈本瀚（个体经营）"
"KIM1413","上海天彦物流有限公司"
"YIMIYG2008","张家港保税区大联通运输有限公司"
"LIYUEHUI1668","李跃辉"
"NJXWJX","南京市江宁区晓韦机械设备厂"
"ALI87112012419","阙忠跃"
"LI811226","li811226"
"YUANHAO0408","上海速泰物流有限公司"
"SZCYGTWL88","深圳市车友国通物流有限公司"
"ZHAOJUAN82","物流公司"
"SZBAHD88","深圳市欧亚风电子材料有限公司"
"YH5615031806010","北京亚亨物流货运公司"
"CDCGWL1","成都成冠物流有限公司"
"JAY3AIR","杭州科技公司"
"HUJIANG08","顶天阳伞帐篷厂"
"DONGPINGWULIU","谢岗樟木头塘厦凤岗清溪东平物流"
"STRONG002","strong002"
"WU9257","虞美人鞋服有限公司"
"MRM51876102","上海汇统速递服务有限公司"
"XIAOZHU107521","广东新邦物流服务有限公司天津南开分公司"
"ZHULIANSHAN","潍坊百佳物流有限公司（潍坊公司）"
"EASY66","上海井川物流有限公司"
"JIANGQUANSHU","姜全书(个体经营)"
"HYXF1983","广州进诚货运代理有限公司"
"BAOBEI101706","南京玖荣流有限公司"
"TYWLGZH","杭州桃园物流勾庄站"
"KAISU0072","上海凯速物流有限公司 业务部"
"NICK92828","陈子豪"
"AED886","义乌市晨申皮具厂"
"DGYUELIN","东莞市粤林电脑科技股份有限公司"
"ZHENGSHENGDZ888","深圳市福田区新亚洲电子市场二期正盛电子经营部"
"XINDAHONGSEN","鑫达国际物流有限公司"
"WAP0088","天津庆福安门业"
"RT10000VIP","广州市隆昌物流有限公司"
"ALI53992012414","ali53992012414"
"RITAZHOU888","米乐美物流（苏州）有限公司"
"STANLYJOBSON","上海叁陆伍网络科技有限公司"
"MQL27522070","东莞盛际物流公司"
"ZHONGSHAN8888","南宫市博业毛毡制品有限公司"
"GUTE1688","惠州市惠城区固特机械机电配件部"
"RWAA","余姚市老板菜厂"
"KTY200","深圳市涛洋物流有限公司宝安分公司"
"SZJIANPENG56","苏州剑鹏物流有限公司"
"SZHENGHONGWULIU","苏州恒宏物流有限公司第三方事业部"
"ZJJY7558","金华益诚货运有限公司"
"GZKAISHEN","广州凯申物流有限公司"
"LVELX","广州新德物流有限公司"
"ZYWL002","山东中运物流有限责任公司"
"LSHYWLYXGS","龙盛货运物流有限公司"
"KING130806","蚌埠扣扣百货工作室"
"GUANYOUZHENG","旺平达物流"
"BJYILIANSHANGMAO","北京华夏通达货运有限公司"
"YHHYDQ","玉环城关环洋电器制造厂"
"XPTXQC","泰州市高港区兴普通信器材厂"
"ALIANGPOWER","厦门弘信国际物流有限公司广州分公司惠州办"
"CNYFBEARING","常州扬帆轴承有限公司"
"JIMINGYUN","温州银商"
"ANLIDA668","深圳市安利达物流有限公司"
"LEILOVE10","露源劳保用品有限公司"
"SDJYKJ","济宁市市中区今英文具厂"
"ZHONGYEQING556","竭立中港物流公司"
"YUANSHUPING1978","上海速泰物流有限公司"
"WLXIAOLI2012","瑞馨物流"
"B290804924","连云港宇众货运代理"
"SZSYTGS","深圳市宝安区松岗精诚电子经营部"
"XMLGZ229988","xmlgz229988"
"SHUNFANG2012","广州市顺方货运代理有限公司"
"SENYUESHANGMAO","临沂市森悦商贸有限公司"
"SZCCD8","深圳市驰诚达物流有限公司"
"WHZX56","武汉振兴物流快运公司"
"LIANG1H56","深圳市一行物流有限公司"
"SHMILY8943","成都时间物流有限公司乌鲁木齐分公司"
"HE19771981","江西信广物流有限公司杭州办事处"
"MYCXWL","深圳市诚信物流有限公司(物流部)"
"YY198801150094","温小新"
"FSWENNA","佛山市南海区稳纳磨具贸易商行"
"BJXFJIANG","东莞市福昌信塑胶有限公司"
"BEIFANGGUOXIN","北京北方国信货运代理有限公司营运部"
"KUNDI2012","深圳坤地国际物流有限公司"
"SHUAIXIEZI","飞翔蓝天的我"
"ZKM987832856","顺达物流有限公司"
"ZHOUYAYA123","上海拓荒贸易有限公司"
"WATERHUANG060514","waterhuang060514"
"THEFOEVERLOVE","thefoeverlove"
"TANG051490","泰州市旭峰超声仪器有限公司"
"WO79475077","兴连鑫光源"
"IDESK","广州市丰河电子有限公司"
"DGOP01","创捷货运代理(东莞)有限公司"
"WANG217CHENG","西安金顺危险品运输有限责任公司"
"CHARLENE719","charlene719"
"ALI116020125","ali116020125"
"DONGGUAN56","东莞物流"
"XIAOLIZHI012129","重庆新邦物流金渝大道营业部"
"DINGYIFENG768","东莞市万江路富货运部"
"YEELEN191","深圳市雅林机电有限公司"
"Z514975987","无锡市世纪银驰货运配载部"
"XHX56","深圳鑫鸿兴物流有限公司"
"LNHAO2008","郝丽娜（个体经营）"
"SYS171181544","佛山市顺德区尚电家用电器有限公司"
"SHENSHUGUANG9266","中邮物流安阳分公司"
"YIYULIANFS","广州市白云区石井依玉莲服饰经营部"
"XART56","西安瑞特物流有限责任公司"
"FEIFEIQICHEYONGPIN","合肥庐阳区飞飞汽车装饰经营部"
"FTWLMM53","网上开店"
"HDM547880771","hdm547880771"
"WANGYONG125520","千语千寻家居店"
"WA1229","上海新邦物流f直分公司"
"JACKMEI11","梅嘉荣有限公司"
"XIA20120420","高山农副产品责任有限公司"
"GUANGZHOUYINDE","广州盈德货运代理有限公司"
"MAOBOJIN2009","毛伯进(个体经营)"
"HUANGZHENGWULIU","上海黄正物流有限公司"
"GREENTEA52","greentea52"
"JIANGHUAGUOJI","广州江华国际物流有限公司"
"LIHONGJIANG1314","富晟航运有限公司"
"CAIYOUTH","caiyouth"
"W13469967941","爱尚服装"
"RSB2008","深圳市瑞思博环保清洗剂技术公司"
"ZDDMWC","宁波市海曙区轩瑞贸易有限公司"
"ALI03972012423","百家物流有限公司"
"HOAUHGH42","天地华宇新街分公司"
"XADT56","深圳兴安达通物流有限公司（业务部）"
"CJHUOYUN56","杭州长建货运有限公司_业务部"
"GZYZ55","广州远征运输有限公司"
"SSKAIBAO","柒威(泉州)服饰有限公司"
"KUAIJIE76003","中山小榄快捷速递有限公司"
"MIAOYINGSHENZI","苏州妙影身姿贸易有限公司"
"WANGWENJIE147258","稳杰除尘配件"
"FOSHANHANGTAI","佛山市起航货运代理有限公司业务部"
"WZQ520QQ1989110","王振桥2011"
"CCBARRY","吉林省百利电子有限公司"
"SUNBOPENG","深圳市建锋伞业有限公司"
"JIAYANZYC","安国市枷言中药材种苗有限公司"
"QUANYIDONG","东莞市茶山平川电加工设备销售部"
"CHENGLE121212","chengle121212"
"ZFBDONGJIANGLIN","董运祥(个体经营)"
"YCHYBZYPYXGS","盐城华益包装用品有限公司"
"QIUXIAOHONG2588","qiuxiaohong2588"
"JXHBGL","肥城市金星环保锅炉有限公司"
"WJHDWL","吴江恒达国际物流有限公司"
"LOVELB88","远成集团有限公司长春分公司"
"NIEHESHENG","上海奇开物流有限公司"
"LYTFWL","成都联运天发货运有限公司"
"WANGZELIN77585211314","招远市永不抱怨商店"
"LIUQI201204","北京快达国际物流服务有限公司(上海分部)"
"CRHSZGD","苏州光大物流"
"LINFUYOU1688","林福友（个人会员）"
"ZFB8610","李国飞"
"ALI38582012423","中通快递东区分布"
"WWW642119920","北京新鼎远丰物流有限公司"
"HULU19910712","苏州迅博信息科技有限公司"
"NIE504732817","NIE"
"SITCLOGXMN","新海丰物流有限公司厦门分公司"
"JIEXINGDIANZI2011","深圳市福田区中电信息时代广场杰兴电子经营部"
"JINJUN0509","诚信通(sjjljlklkl)"
"DOUBLEWIN2009","济南之星货运代理公司"
"DENG849378186","乐清市皖赣电气有限公司"
"ZYWL001","山东中运物流有限责任公司"
"GZYSWFS","张正祥(个体经营)"
"RENHEZHOU2010","shuntao"
"SHHXY531531","上海杰帮涂料有限公司"
"RICHARD4136","宁波海曙区迪聪网络科技有限公司"
"TCHCHUNHUA","广州新德国际物流有限公司"
"GERAWELL","深圳市捷威尔电子有限公司"
"SIMPLE198810","锦程国际物流服务有限公司"
"SMY5883346","潍坊百佳物流有限公司网络营销部"
"IHSFG2012","深圳市汇宝临国际货运代理有限公司"
"HOUQIN56","上海厚勤物流有限公司"
"DINGJ20110401","深圳市前万通运输有限公司"
"Q173584888","广州市品臣商贸有限公司"
"SYZX20080905","东莞市深源线业有限公司"
"LINXIXI189","广州市忠实通国际物流有限公司"
"WANGZELIN77585211314","招远市永不抱怨商店"
"DWG365","杭州冠球木业有限公司"
"XIAOYEA","宁波海曙联瑞网络科技有限公司"
"ALIKOBEB2B","美好的有限公司"
"TPL365","西安泰普勒物流有限公司"
"JLTYJIANGTAO","鸿途运通国际物流（香港)有限公司（业务部）"
"HAOZHAO0919","深圳盛华数码科技有限公司 "
"ABLIKIMJAN214","YOK AMASMU"
"XLN123456789","杭州市江干区皮之都鞋类商店"
"YWXZQSP","义乌豪棒饰品有限公司"
"SHANGHAIANZHOU","乐清市明威开关电源厂"
"A254058314","深圳市美泰国际物流企业集团"
"YAO18923202225","李先生"
"FUBEIJIANG123","苍南县龙港温之恋无纺布袋加工厂"
"ABC13790655755","陈杰"
"NEILYO2009","饶剑楠（高级客户经理）"
"A1031235959","青岛平安航空货运代理有限公司"
"LIANGHAOXIANG2011","东莞锦秀国际货运有限公司"
"LUPEIBAO","深圳货运公司"
"APHUAFU","安平县华福医疗器械贸易有限公司"
"JSFREIGHT","上海久圣货运代理有限公司"
"STRINGLOVE","stringlove"
"ZHANGZHICONG0202","金羊城国际货物代理有限公司"
"JSDRYB","兴化市科力电热电器仪表厂"
"SHENGHUAWULIU168","上海晟华物流有限公司"
"DUAN861763145","中山市大涌镇欧维斯制衣厂"
"GAOXUELIANG520","gaoxueliang520"
"TJGESCOM","tjgescom"
"HPX82355466","何陪秀"
"ZYZYJY","遵义市醉逸酒业销售有限公司"
"HZYUANBOWULIU","深圳市远博物流有限公司"
"TRUSTLAIWENKE","东莞市东城乐呵呵服装贸易部"
"LUJUN247507902","苏州环速快递"
"APPLEPQ","大连环东物流有限公司"
"ZJZDGM002","浙江志达工贸有限公司"
"CAMPBELL1987","临安火花音乐工作室销售部"
"WJ870923","苏州威邦自动化机械有限公司"
"ZHAOYUN19881","广州市天河区石牌登锋电脑经营部"
"HUANQIUWULIU2012","广州速比特国际货运代理有限公司"
"YUBOND","深圳市宇邦物流有限公司"
"HONGHUACAOGONGSI","honghuacaogongsi"
"CLN68","车丽娜【个体经营】"
"LLOVEN1314","星廖原有限公司"
"UCALLT","融科R股份有限公司"
"SHE80","浙江中富电气有限公司营销中心"
"CAOHUAFENGZXCVBNM","阿凡提（个体经营）"
"QQ13424864811","鑫众兴运输有限公司"
"BLUETEARS20","王慧（个体经营）"
"ZICTRADE","忠华国际海空运输贸易有限公司"
"ZZL14","深圳市鸿伟货运有限公司"
"HFHT56","合肥市华泰物流有限公司"
"GZACWL","广州安储物流有限公司"
"JIAXINSHANGQIAO","深圳市商桥物流有限公司"
"YANGZONGYI2011","香河县唯美家具厂"
"ZHONGFENG8300069","中山市森林强光手电"
"SZSHFREIGHT","深圳升航货运代理有限公司"
"QQHANDY","艾尔数码科技有限公司"
"JIAYUNJIEWULIU","jiayunjiewuliu"
"SZHWEP","深圳市鹏鸿伟货运代理有限公司(业务部）"
"WANGHAISONG2012","凌风货运代理有限公司"
"MENG13851932329","汇峰物流"
"ICHAOYUE","深圳市鹏博软件技术有限公司"
"XIAOCUN20061","黄小春"
"WWWQQDJ386404415","广州市增城海满商店"
"XUERONGJIANG","祥炬家具有限公司"
"LOUHONG359","深圳龙岗正华物流公司"
"WXYUHUI2010","无锡市信德物流咨询有限公司"
"SHQILINWULIU","上海麒麟物流有限公司"
"YUHONGWULIU","上海雨虹物流有限公司"
"ZIOP56","青岛东方联物流有限公司"
"QUANFENGKUAIDI","北京全峰快递有限责任公司顺义分公司"
"HUANAMEI1688","深圳市华娜美化妆用具有限公司"
"SWB19880408","广东好天然科技竹业有限公司"
"FUKEGANG00000","长实物流有限公司"
"LI2168","上海苏俊实业有限公司"
"GZFM01","广州市凤鸣物流有限公司"
"XINXIAN201108","上海鑫贤物流有限公司"
"XZH18606627988","余姚市元泰快递有限公司"
"XBXW8391","深圳新邦物流运输服务有限公司观澜新塘营业部"
"CZJRGJ","常州新北区金日工具厂"
"VIVIANT12","姚梅云（个体经营）"
"WANMEINIDESHIJIE","wanmeinideshijie"
"LZRUITIAN","莱州市坚信机械厂（普通合伙）"
"HUAYUN56","深圳市华运物流有限公司"
"QDJMQL","即墨市强力锻铸有限公司"
"KXYMD","上海锦程物流公司"
"GZXINXINHY","广州市欣鑫货运代理有限公司"
"WULIU688","东莞市万江鑫泰货运部"
"LITIANCHENG111","litiancheng111"
"OP201007","清远市清城区彩云月历文化商店"
"ZHANGHUAIRUI","浙江尊龙物流有限公司-惠州分公司"
"IVWWXFIAD","广州越航国际贷运代理有限公司"
"BEINUMENG","临海市贝女梦内衣有限公司"
"TIANLI0752","惠州市惠阳区秋长天立橡塑制品厂"
"STAR324","明星贸易公司"
"ZHANGBO0907","阿里巴巴(中国)网络技术有限公司"
"CDFH001","成都飞鹤航空快运服务有限公司"
"HUQIUPENG1989","盛情服装美饰公司"
"LAUEO2000","中山市励进诚达物流有限公司"
"SZJGWL","广州市京广物流有限公司深圳分公司"
"QQ841070158","香山汽车用品商行"
"LIYONGQIANG2212","阿里(中国)网络技术有限公司"
"MASEN5151","深圳市威赛恩电子科技有限公司"
"ICEAGE1900","杭州信息技术有限公司"
"COSCOAIR2012","COSCO-AIR"
"YKFRGJ","永康市方睿工具有限公司"
"LIUXIFU1688","福建省六喜福珠宝首饰有限公司"
"LIKUANGBIAO","吉林监狱来料加工"
"YUERUI808","北京跃瑞货运代理有限公司"
"JIANDA00","潍坊通途物流有限公司（福建线）"
"NBXY56","宁波东钱湖旅游度假区鑫宇物流有限公司"
"DOUBLEWIN56","济南双丰安捷物流有限公司"
"LITAOWULIU","上海丽涛物流有限公司"
"MAITAOBB","深圳市容大物流有限公司营销部"
"BLINKCQ56","上海邦达隆飞物流有限公司重庆分公司"
"QQ314742505","华龙国际速递有限公司"
"FUNGDRON","深圳市宇速货运代理有限公司"
"F1034062","浩潮的大海"
"PAER2008","盐城市帕尔电热机械有限公司"
"TIONMS","王强[保险代理]"
"GZYIDA4","广州市毅达航空服务有限公司"
"YUEFALOGISTIC","浦江县粤发物流有限公司深圳分公司"
"BAOWEIPEIJIAN","莱州市沙河镇宝威农机配件经营部"
"WANGMANLIANGDEDIAN","远航蔬菜批发"
"BORBA83","温州波尔巴酒业有限公司"
"QIANHEHONGZAO","佳县前河红枣专业合作社"
"HTKY2008","杭州百世网络技术有限公司"
"YINXIAOXUE1688","成都蓉豫贸易有限公司"
"KAILIUXINYU","kailiuxinyu"
"LYX168888","陈欢琴"
"LP591672162","lp591672162"
"GUDUYJ123","guduyj123"
"YCCQWL","盐城市超强物流有限公司"
"WXXFKY","无锡市祥发快运有限公司"
"IMPERAIL","济南远征物流有限公司"
"HAISENWULIU2012","广州博雅物流有限公司"
"HANG413656976","星沙快递公司"
"ITSEASY2010","伊顺达物流公司"
"HENBERT","江门市圣亚缝制科技有限公司"
"YUYUEJUN19860417","上海昊航 货物运输代理有限公司"
"HUSHUI2053","上海通威运输有限公司"
"SZJIDA2","苏州市吉达储运有限公司"
"ZBW2010","苏州运鑫物流有限公司"
"SUNON56","深圳市旭安物流有限公司"
"JZDING88","广达汽车运输（上海）有限公司"
"H1378315207","h1378315207"
"ZTO1314","王强"
"JIANGNINGWULIUGONGSI","无锡市江宁物流有限公司"
"DINGSHENGWL999","荣成配货站"
"11307891","唐山金天龙有限公司"
"LIU396186742","杭州原飞航物流有限公司"
"PAULMINGXIAODONG","明晓东（个体经营）"
"XIONGHUI61","深圳市宏骏兴达国际货运代理有限公司"
"SUZHOUWISDOM","苏州威斯德商贸有限公司"
"E560116","e560116"
"SZKJCXS","深圳市快捷物流有限公司(华南区业务部)"
"XUEXIANYING1688","海南农贸绿色水果有限公司"
"LIANGLINA3000","中国阿里巴巴"
"QIANBEIBEI2012","吴婉迪"
"XDHFWL","北京兴达汇丰物流有限公司"
"HUIFAWULIU","锦州市太和区惠发物流中心"
"TJXYWL2012","天津市东丽区兴远配货中心"
"A51577539","北京天地物流有限公司"
"ANTOPO","洛阳安拓窑炉环保有限公司"
"ZFBMOONKID","陈乐"
"ANGLE629103","上海建建物流有限公司物流部"
"GLJLDT","嘉里大通物流有限公司桂林分公司"
"A370106168","a370106168"
"ZSHLSLJX","广东中山海利塑料机械厂"
"JSJYSJC","靖江市佳昀索具制造有限公司"
"ZHOUWB8","广州市馨悦纸业有限公司"
"DYT20070620","广州靓女孩服饰有限公司"
"ZHONGJI56","杭州淳安千岛湖中集物流有限公司"
"XZJNZY","徐州金农种业发展公司"
"ALISHUILAN561668","无锡市水蓝货运代理服务部"
"SZQIANHUI88","深圳市千辉物流有限公司"
"SHAJWL168","上海安甲物流有限公司"
"MXFY2004","天津迅驰国际物流有限公司西安分公司"
"QQ405337196","北京市顺达货物托运部"
"BJZHANGYING","北京鼎润货物运输有限公司"
"JINGZHOUJX","台州市黄岩九洲模具机械厂"
"TLDZCD","泰州市天力吊装传动设备有限公司"
"ZCSDBZ","诸城市盛大塑料包装销售部"
"BAIYE56","深圳市百业国际物流有限公司"
"QIFENG657","新邦物流朱金路营业部"
"DGKUAIDI0769","东莞凯瑞达国际速递公司"
"KONGBEIYAN","孔北燕(诚信通工作人员）"
"CHENPEIJUZHU","新飓无限企业"
"GTWL661668","衢州市柯城区广通物流服务部"
"QQ1147533744","高邮市斯恩照明电器厂"
"MUZISHANGPIN","天津市爱木箱包销售有限公司"
"SZHONGXIN56","江西广昌宏信汽车物流配送有限公司苏州区域"
"H584841522","美金有限公司"
"WGWAN8888","广州卡金斯汽车汽车用品有限公司"
"PINGXINWULIU88","平新物流"
"YEJUNJIUYE","郑州市二七区叶军酒业商行"
"DEQINGWUKANG2012","上海佳吉快运有限公司德清分公司"
"QYKANGLI","qykangli"
"XXY10221410","昌顺物流有限公司（苏州）"
"KSCY8888","昆山磁源电子科技有限公司"
"XSJXHY","萧山捷迅货运有限公司"
"CXOUSHIYUJU","慈溪欧士渔具有限公司"
"SANJIANGCHEHANG","迁安市张官营三江摩托车门市部"
"QFMM354651375","新化华四通物流有限公司"
